metric_version,dataset,model,model_size,train_type,lambda,seed,group_type,group_value,ref_tone,hyp_tone,count,ref_total,row_rate
aligned_v1,vivos,phowhisper,base,ordinary_lora,0,42,scope,overall,ngang,ngang,5761,5796,0.993961352657
aligned_v1,vivos,phowhisper,base,ordinary_lora,0,42,scope,overall,ngang,sac,9,5796,0.001552795031
aligned_v1,vivos,phowhisper,base,ordinary_lora,0,42,scope,overall,ngang,huyen,20,5796,0.003450655625
aligned_v1,vivos,phowhisper,base,ordinary_lora,0,42,scope,overall,ngang,hoi,3,5796,0.000517598344
aligned_v1,vivos,phowhisper,base,ordinary_lora,0,42,scope,overall,ngang,nga,1,5796,0.000172532781
aligned_v1,vivos,phowhisper,base,ordinary_lora,0,42,scope,overall,ngang,nang,2,5796,0.000345065562
aligned_v1,vivos,phowhisper,base,ordinary_lora,0,42,scope,overall,sac,ngang,24,4740,0.005063291139
aligned_v1,vivos,phowhisper,base,ordinary_lora,0,42,scope,overall,sac,sac,4704,4740,0.992405063291
aligned_v1,vivos,phowhisper,base,ordinary_lora,0,42,scope,overall,sac,huyen,4,4740,0.000843881857
aligned_v1,vivos,phowhisper,base,ordinary_lora,0,42,scope,overall,sac,hoi,3,4740,0.000632911392
aligned_v1,vivos,phowhisper,base,ordinary_lora,0,42,scope,overall,sac,nga,5,4740,0.001054852321
aligned_v1,vivos,phowhisper,base,ordinary_lora,0,42,scope,overall,sac,nang,0,4740,0.000000000000
aligned_v1,vivos,phowhisper,base,ordinary_lora,0,42,scope,overall,huyen,ngang,9,3941,0.002283684344
aligned_v1,vivos,phowhisper,base,ordinary_lora,0,42,scope,overall,huyen,sac,0,3941,0.000000000000
aligned_v1,vivos,phowhisper,base,ordinary_lora,0,42,scope,overall,huyen,huyen,3906,3941,0.991119005329
aligned_v1,vivos,phowhisper,base,ordinary_lora,0,42,scope,overall,huyen,hoi,7,3941,0.001776198934
aligned_v1,vivos,phowhisper,base,ordinary_lora,0,42,scope,overall,huyen,nga,0,3941,0.000000000000
aligned_v1,vivos,phowhisper,base,ordinary_lora,0,42,scope,overall,huyen,nang,19,3941,0.004821111393
aligned_v1,vivos,phowhisper,base,ordinary_lora,0,42,scope,overall,hoi,ngang,0,1960,0.000000000000
aligned_v1,vivos,phowhisper,base,ordinary_lora,0,42,scope,overall,hoi,sac,5,1960,0.002551020408
aligned_v1,vivos,phowhisper,base,ordinary_lora,0,42,scope,overall,hoi,huyen,5,1960,0.002551020408
aligned_v1,vivos,phowhisper,base,ordinary_lora,0,42,scope,overall,hoi,hoi,1922,1960,0.980612244898
aligned_v1,vivos,phowhisper,base,ordinary_lora,0,42,scope,overall,hoi,nga,17,1960,0.008673469388
aligned_v1,vivos,phowhisper,base,ordinary_lora,0,42,scope,overall,hoi,nang,11,1960,0.005612244898
aligned_v1,vivos,phowhisper,base,ordinary_lora,0,42,scope,overall,nga,ngang,5,1014,0.004930966469
aligned_v1,vivos,phowhisper,base,ordinary_lora,0,42,scope,overall,nga,sac,0,1014,0.000000000000
aligned_v1,vivos,phowhisper,base,ordinary_lora,0,42,scope,overall,nga,huyen,0,1014,0.000000000000
aligned_v1,vivos,phowhisper,base,ordinary_lora,0,42,scope,overall,nga,hoi,14,1014,0.013806706114
aligned_v1,vivos,phowhisper,base,ordinary_lora,0,42,scope,overall,nga,nga,989,1014,0.975345167653
aligned_v1,vivos,phowhisper,base,ordinary_lora,0,42,scope,overall,nga,nang,6,1014,0.005917159763
aligned_v1,vivos,phowhisper,base,ordinary_lora,0,42,scope,overall,nang,ngang,3,3240,0.000925925926
aligned_v1,vivos,phowhisper,base,ordinary_lora,0,42,scope,overall,nang,sac,5,3240,0.001543209877
aligned_v1,vivos,phowhisper,base,ordinary_lora,0,42,scope,overall,nang,huyen,13,3240,0.004012345679
aligned_v1,vivos,phowhisper,base,ordinary_lora,0,42,scope,overall,nang,hoi,37,3240,0.011419753086
aligned_v1,vivos,phowhisper,base,ordinary_lora,0,42,scope,overall,nang,nga,7,3240,0.002160493827
aligned_v1,vivos,phowhisper,base,ordinary_lora,0,42,scope,overall,nang,nang,3175,3240,0.979938271605
aligned_v1,vivos,phowhisper,base,ordinary_lora,0,42,scope,low_snr,ngang,ngang,2184,2204,0.990925589837
aligned_v1,vivos,phowhisper,base,ordinary_lora,0,42,scope,low_snr,ngang,sac,4,2204,0.001814882033
aligned_v1,vivos,phowhisper,base,ordinary_lora,0,42,scope,low_snr,ngang,huyen,13,2204,0.005898366606
aligned_v1,vivos,phowhisper,base,ordinary_lora,0,42,scope,low_snr,ngang,hoi,1,2204,0.000453720508
aligned_v1,vivos,phowhisper,base,ordinary_lora,0,42,scope,low_snr,ngang,nga,0,2204,0.000000000000
aligned_v1,vivos,phowhisper,base,ordinary_lora,0,42,scope,low_snr,ngang,nang,2,2204,0.000907441016
aligned_v1,vivos,phowhisper,base,ordinary_lora,0,42,scope,low_snr,sac,ngang,11,1786,0.006159014558
aligned_v1,vivos,phowhisper,base,ordinary_lora,0,42,scope,low_snr,sac,sac,1766,1786,0.988801791713
aligned_v1,vivos,phowhisper,base,ordinary_lora,0,42,scope,low_snr,sac,huyen,4,1786,0.002239641657
aligned_v1,vivos,phowhisper,base,ordinary_lora,0,42,scope,low_snr,sac,hoi,3,1786,0.001679731243
aligned_v1,vivos,phowhisper,base,ordinary_lora,0,42,scope,low_snr,sac,nga,2,1786,0.001119820829
aligned_v1,vivos,phowhisper,base,ordinary_lora,0,42,scope,low_snr,sac,nang,0,1786,0.000000000000
aligned_v1,vivos,phowhisper,base,ordinary_lora,0,42,scope,low_snr,huyen,ngang,4,1497,0.002672010688
aligned_v1,vivos,phowhisper,base,ordinary_lora,0,42,scope,low_snr,huyen,sac,0,1497,0.000000000000
aligned_v1,vivos,phowhisper,base,ordinary_lora,0,42,scope,low_snr,huyen,huyen,1480,1497,0.988643954576
aligned_v1,vivos,phowhisper,base,ordinary_lora,0,42,scope,low_snr,huyen,hoi,4,1497,0.002672010688
aligned_v1,vivos,phowhisper,base,ordinary_lora,0,42,scope,low_snr,huyen,nga,0,1497,0.000000000000
aligned_v1,vivos,phowhisper,base,ordinary_lora,0,42,scope,low_snr,huyen,nang,9,1497,0.006012024048
aligned_v1,vivos,phowhisper,base,ordinary_lora,0,42,scope,low_snr,hoi,ngang,0,745,0.000000000000
aligned_v1,vivos,phowhisper,base,ordinary_lora,0,42,scope,low_snr,hoi,sac,4,745,0.005369127517
aligned_v1,vivos,phowhisper,base,ordinary_lora,0,42,scope,low_snr,hoi,huyen,5,745,0.006711409396
aligned_v1,vivos,phowhisper,base,ordinary_lora,0,42,scope,low_snr,hoi,hoi,722,745,0.969127516779
aligned_v1,vivos,phowhisper,base,ordinary_lora,0,42,scope,low_snr,hoi,nga,7,745,0.009395973154
aligned_v1,vivos,phowhisper,base,ordinary_lora,0,42,scope,low_snr,hoi,nang,7,745,0.009395973154
aligned_v1,vivos,phowhisper,base,ordinary_lora,0,42,scope,low_snr,nga,ngang,2,377,0.005305039788
aligned_v1,vivos,phowhisper,base,ordinary_lora,0,42,scope,low_snr,nga,sac,0,377,0.000000000000
aligned_v1,vivos,phowhisper,base,ordinary_lora,0,42,scope,low_snr,nga,huyen,0,377,0.000000000000
aligned_v1,vivos,phowhisper,base,ordinary_lora,0,42,scope,low_snr,nga,hoi,6,377,0.015915119363
aligned_v1,vivos,phowhisper,base,ordinary_lora,0,42,scope,low_snr,nga,nga,366,377,0.970822281167
aligned_v1,vivos,phowhisper,base,ordinary_lora,0,42,scope,low_snr,nga,nang,3,377,0.007957559682
aligned_v1,vivos,phowhisper,base,ordinary_lora,0,42,scope,low_snr,nang,ngang,3,1206,0.002487562189
aligned_v1,vivos,phowhisper,base,ordinary_lora,0,42,scope,low_snr,nang,sac,1,1206,0.000829187396
aligned_v1,vivos,phowhisper,base,ordinary_lora,0,42,scope,low_snr,nang,huyen,6,1206,0.004975124378
aligned_v1,vivos,phowhisper,base,ordinary_lora,0,42,scope,low_snr,nang,hoi,13,1206,0.010779436153
aligned_v1,vivos,phowhisper,base,ordinary_lora,0,42,scope,low_snr,nang,nga,3,1206,0.002487562189
aligned_v1,vivos,phowhisper,base,ordinary_lora,0,42,scope,low_snr,nang,nang,1180,1206,0.978441127695
aligned_v1,vivos,phowhisper,base,tone_aware_lora,0.05,42,scope,overall,ngang,ngang,5736,5776,0.993074792244
aligned_v1,vivos,phowhisper,base,tone_aware_lora,0.05,42,scope,overall,ngang,sac,11,5776,0.001904432133
aligned_v1,vivos,phowhisper,base,tone_aware_lora,0.05,42,scope,overall,ngang,huyen,24,5776,0.004155124654
aligned_v1,vivos,phowhisper,base,tone_aware_lora,0.05,42,scope,overall,ngang,hoi,2,5776,0.000346260388
aligned_v1,vivos,phowhisper,base,tone_aware_lora,0.05,42,scope,overall,ngang,nga,1,5776,0.000173130194
aligned_v1,vivos,phowhisper,base,tone_aware_lora,0.05,42,scope,overall,ngang,nang,2,5776,0.000346260388
aligned_v1,vivos,phowhisper,base,tone_aware_lora,0.05,42,scope,overall,sac,ngang,27,4750,0.005684210526
aligned_v1,vivos,phowhisper,base,tone_aware_lora,0.05,42,scope,overall,sac,sac,4711,4750,0.991789473684
aligned_v1,vivos,phowhisper,base,tone_aware_lora,0.05,42,scope,overall,sac,huyen,2,4750,0.000421052632
aligned_v1,vivos,phowhisper,base,tone_aware_lora,0.05,42,scope,overall,sac,hoi,6,4750,0.001263157895
aligned_v1,vivos,phowhisper,base,tone_aware_lora,0.05,42,scope,overall,sac,nga,4,4750,0.000842105263
aligned_v1,vivos,phowhisper,base,tone_aware_lora,0.05,42,scope,overall,sac,nang,0,4750,0.000000000000
aligned_v1,vivos,phowhisper,base,tone_aware_lora,0.05,42,scope,overall,huyen,ngang,8,3957,0.002021733637
aligned_v1,vivos,phowhisper,base,tone_aware_lora,0.05,42,scope,overall,huyen,sac,1,3957,0.000252716705
aligned_v1,vivos,phowhisper,base,tone_aware_lora,0.05,42,scope,overall,huyen,huyen,3920,3957,0.990649481931
aligned_v1,vivos,phowhisper,base,tone_aware_lora,0.05,42,scope,overall,huyen,hoi,10,3957,0.002527167046
aligned_v1,vivos,phowhisper,base,tone_aware_lora,0.05,42,scope,overall,huyen,nga,0,3957,0.000000000000
aligned_v1,vivos,phowhisper,base,tone_aware_lora,0.05,42,scope,overall,huyen,nang,18,3957,0.004548900682
aligned_v1,vivos,phowhisper,base,tone_aware_lora,0.05,42,scope,overall,hoi,ngang,0,1954,0.000000000000
aligned_v1,vivos,phowhisper,base,tone_aware_lora,0.05,42,scope,overall,hoi,sac,3,1954,0.001535312180
aligned_v1,vivos,phowhisper,base,tone_aware_lora,0.05,42,scope,overall,hoi,huyen,6,1954,0.003070624360
aligned_v1,vivos,phowhisper,base,tone_aware_lora,0.05,42,scope,overall,hoi,hoi,1913,1954,0.979017400205
aligned_v1,vivos,phowhisper,base,tone_aware_lora,0.05,42,scope,overall,hoi,nga,18,1954,0.009211873081
aligned_v1,vivos,phowhisper,base,tone_aware_lora,0.05,42,scope,overall,hoi,nang,14,1954,0.007164790174
aligned_v1,vivos,phowhisper,base,tone_aware_lora,0.05,42,scope,overall,nga,ngang,5,1014,0.004930966469
aligned_v1,vivos,phowhisper,base,tone_aware_lora,0.05,42,scope,overall,nga,sac,0,1014,0.000000000000
aligned_v1,vivos,phowhisper,base,tone_aware_lora,0.05,42,scope,overall,nga,huyen,0,1014,0.000000000000
aligned_v1,vivos,phowhisper,base,tone_aware_lora,0.05,42,scope,overall,nga,hoi,14,1014,0.013806706114
aligned_v1,vivos,phowhisper,base,tone_aware_lora,0.05,42,scope,overall,nga,nga,990,1014,0.976331360947
aligned_v1,vivos,phowhisper,base,tone_aware_lora,0.05,42,scope,overall,nga,nang,5,1014,0.004930966469
aligned_v1,vivos,phowhisper,base,tone_aware_lora,0.05,42,scope,overall,nang,ngang,1,3252,0.000307503075
aligned_v1,vivos,phowhisper,base,tone_aware_lora,0.05,42,scope,overall,nang,sac,3,3252,0.000922509225
aligned_v1,vivos,phowhisper,base,tone_aware_lora,0.05,42,scope,overall,nang,huyen,13,3252,0.003997539975
aligned_v1,vivos,phowhisper,base,tone_aware_lora,0.05,42,scope,overall,nang,hoi,41,3252,0.012607626076
aligned_v1,vivos,phowhisper,base,tone_aware_lora,0.05,42,scope,overall,nang,nga,8,3252,0.002460024600
aligned_v1,vivos,phowhisper,base,tone_aware_lora,0.05,42,scope,overall,nang,nang,3186,3252,0.979704797048
aligned_v1,vivos,phowhisper,base,tone_aware_lora,0.05,42,scope,low_snr,ngang,ngang,2163,2187,0.989026063100
aligned_v1,vivos,phowhisper,base,tone_aware_lora,0.05,42,scope,low_snr,ngang,sac,5,2187,0.002286236854
aligned_v1,vivos,phowhisper,base,tone_aware_lora,0.05,42,scope,low_snr,ngang,huyen,17,2187,0.007773205304
aligned_v1,vivos,phowhisper,base,tone_aware_lora,0.05,42,scope,low_snr,ngang,hoi,1,2187,0.000457247371
aligned_v1,vivos,phowhisper,base,tone_aware_lora,0.05,42,scope,low_snr,ngang,nga,0,2187,0.000000000000
aligned_v1,vivos,phowhisper,base,tone_aware_lora,0.05,42,scope,low_snr,ngang,nang,1,2187,0.000457247371
aligned_v1,vivos,phowhisper,base,tone_aware_lora,0.05,42,scope,low_snr,sac,ngang,13,1791,0.007258514796
aligned_v1,vivos,phowhisper,base,tone_aware_lora,0.05,42,scope,low_snr,sac,sac,1769,1791,0.987716359576
aligned_v1,vivos,phowhisper,base,tone_aware_lora,0.05,42,scope,low_snr,sac,huyen,2,1791,0.001116694584
aligned_v1,vivos,phowhisper,base,tone_aware_lora,0.05,42,scope,low_snr,sac,hoi,6,1791,0.003350083752
aligned_v1,vivos,phowhisper,base,tone_aware_lora,0.05,42,scope,low_snr,sac,nga,1,1791,0.000558347292
aligned_v1,vivos,phowhisper,base,tone_aware_lora,0.05,42,scope,low_snr,sac,nang,0,1791,0.000000000000
aligned_v1,vivos,phowhisper,base,tone_aware_lora,0.05,42,scope,low_snr,huyen,ngang,4,1505,0.002657807309
aligned_v1,vivos,phowhisper,base,tone_aware_lora,0.05,42,scope,low_snr,huyen,sac,1,1505,0.000664451827
aligned_v1,vivos,phowhisper,base,tone_aware_lora,0.05,42,scope,low_snr,huyen,huyen,1488,1505,0.988704318937
aligned_v1,vivos,phowhisper,base,tone_aware_lora,0.05,42,scope,low_snr,huyen,hoi,3,1505,0.001993355482
aligned_v1,vivos,phowhisper,base,tone_aware_lora,0.05,42,scope,low_snr,huyen,nga,0,1505,0.000000000000
aligned_v1,vivos,phowhisper,base,tone_aware_lora,0.05,42,scope,low_snr,huyen,nang,9,1505,0.005980066445
aligned_v1,vivos,phowhisper,base,tone_aware_lora,0.05,42,scope,low_snr,hoi,ngang,0,740,0.000000000000
aligned_v1,vivos,phowhisper,base,tone_aware_lora,0.05,42,scope,low_snr,hoi,sac,2,740,0.002702702703
aligned_v1,vivos,phowhisper,base,tone_aware_lora,0.05,42,scope,low_snr,hoi,huyen,6,740,0.008108108108
aligned_v1,vivos,phowhisper,base,tone_aware_lora,0.05,42,scope,low_snr,hoi,hoi,717,740,0.968918918919
aligned_v1,vivos,phowhisper,base,tone_aware_lora,0.05,42,scope,low_snr,hoi,nga,8,740,0.010810810811
aligned_v1,vivos,phowhisper,base,tone_aware_lora,0.05,42,scope,low_snr,hoi,nang,7,740,0.009459459459
aligned_v1,vivos,phowhisper,base,tone_aware_lora,0.05,42,scope,low_snr,nga,ngang,2,380,0.005263157895
aligned_v1,vivos,phowhisper,base,tone_aware_lora,0.05,42,scope,low_snr,nga,sac,0,380,0.000000000000
aligned_v1,vivos,phowhisper,base,tone_aware_lora,0.05,42,scope,low_snr,nga,huyen,0,380,0.000000000000
aligned_v1,vivos,phowhisper,base,tone_aware_lora,0.05,42,scope,low_snr,nga,hoi,6,380,0.015789473684
aligned_v1,vivos,phowhisper,base,tone_aware_lora,0.05,42,scope,low_snr,nga,nga,369,380,0.971052631579
aligned_v1,vivos,phowhisper,base,tone_aware_lora,0.05,42,scope,low_snr,nga,nang,3,380,0.007894736842
aligned_v1,vivos,phowhisper,base,tone_aware_lora,0.05,42,scope,low_snr,nang,ngang,1,1212,0.000825082508
aligned_v1,vivos,phowhisper,base,tone_aware_lora,0.05,42,scope,low_snr,nang,sac,1,1212,0.000825082508
aligned_v1,vivos,phowhisper,base,tone_aware_lora,0.05,42,scope,low_snr,nang,huyen,6,1212,0.004950495050
aligned_v1,vivos,phowhisper,base,tone_aware_lora,0.05,42,scope,low_snr,nang,hoi,14,1212,0.011551155116
aligned_v1,vivos,phowhisper,base,tone_aware_lora,0.05,42,scope,low_snr,nang,nga,4,1212,0.003300330033
aligned_v1,vivos,phowhisper,base,tone_aware_lora,0.05,42,scope,low_snr,nang,nang,1186,1212,0.978547854785
aligned_v1,vivos,phowhisper,base,tone_aware_lora,0.1,42,scope,overall,ngang,ngang,5718,5759,0.992880708456
aligned_v1,vivos,phowhisper,base,tone_aware_lora,0.1,42,scope,overall,ngang,sac,12,5759,0.002083695086
aligned_v1,vivos,phowhisper,base,tone_aware_lora,0.1,42,scope,overall,ngang,huyen,25,5759,0.004341031429
aligned_v1,vivos,phowhisper,base,tone_aware_lora,0.1,42,scope,overall,ngang,hoi,1,5759,0.000173641257
aligned_v1,vivos,phowhisper,base,tone_aware_lora,0.1,42,scope,overall,ngang,nga,1,5759,0.000173641257
aligned_v1,vivos,phowhisper,base,tone_aware_lora,0.1,42,scope,overall,ngang,nang,2,5759,0.000347282514
aligned_v1,vivos,phowhisper,base,tone_aware_lora,0.1,42,scope,overall,sac,ngang,28,4740,0.005907172996
aligned_v1,vivos,phowhisper,base,tone_aware_lora,0.1,42,scope,overall,sac,sac,4699,4740,0.991350210970
aligned_v1,vivos,phowhisper,base,tone_aware_lora,0.1,42,scope,overall,sac,huyen,3,4740,0.000632911392
aligned_v1,vivos,phowhisper,base,tone_aware_lora,0.1,42,scope,overall,sac,hoi,6,4740,0.001265822785
aligned_v1,vivos,phowhisper,base,tone_aware_lora,0.1,42,scope,overall,sac,nga,4,4740,0.000843881857
aligned_v1,vivos,phowhisper,base,tone_aware_lora,0.1,42,scope,overall,sac,nang,0,4740,0.000000000000
aligned_v1,vivos,phowhisper,base,tone_aware_lora,0.1,42,scope,overall,huyen,ngang,9,3961,0.002272153497
aligned_v1,vivos,phowhisper,base,tone_aware_lora,0.1,42,scope,overall,huyen,sac,1,3961,0.000252461500
aligned_v1,vivos,phowhisper,base,tone_aware_lora,0.1,42,scope,overall,huyen,huyen,3921,3961,0.989901540015
aligned_v1,vivos,phowhisper,base,tone_aware_lora,0.1,42,scope,overall,huyen,hoi,14,3961,0.003534460995
aligned_v1,vivos,phowhisper,base,tone_aware_lora,0.1,42,scope,overall,huyen,nga,0,3961,0.000000000000
aligned_v1,vivos,phowhisper,base,tone_aware_lora,0.1,42,scope,overall,huyen,nang,16,3961,0.004039383994
aligned_v1,vivos,phowhisper,base,tone_aware_lora,0.1,42,scope,overall,hoi,ngang,0,1947,0.000000000000
aligned_v1,vivos,phowhisper,base,tone_aware_lora,0.1,42,scope,overall,hoi,sac,4,1947,0.002054442732
aligned_v1,vivos,phowhisper,base,tone_aware_lora,0.1,42,scope,overall,hoi,huyen,5,1947,0.002568053416
aligned_v1,vivos,phowhisper,base,tone_aware_lora,0.1,42,scope,overall,hoi,hoi,1905,1947,0.978428351310
aligned_v1,vivos,phowhisper,base,tone_aware_lora,0.1,42,scope,overall,hoi,nga,18,1947,0.009244992296
aligned_v1,vivos,phowhisper,base,tone_aware_lora,0.1,42,scope,overall,hoi,nang,15,1947,0.007704160247
aligned_v1,vivos,phowhisper,base,tone_aware_lora,0.1,42,scope,overall,nga,ngang,5,1016,0.004921259843
aligned_v1,vivos,phowhisper,base,tone_aware_lora,0.1,42,scope,overall,nga,sac,0,1016,0.000000000000
aligned_v1,vivos,phowhisper,base,tone_aware_lora,0.1,42,scope,overall,nga,huyen,0,1016,0.000000000000
aligned_v1,vivos,phowhisper,base,tone_aware_lora,0.1,42,scope,overall,nga,hoi,14,1016,0.013779527559
aligned_v1,vivos,phowhisper,base,tone_aware_lora,0.1,42,scope,overall,nga,nga,993,1016,0.977362204724
aligned_v1,vivos,phowhisper,base,tone_aware_lora,0.1,42,scope,overall,nga,nang,4,1016,0.003937007874
aligned_v1,vivos,phowhisper,base,tone_aware_lora,0.1,42,scope,overall,nang,ngang,1,3245,0.000308166410
aligned_v1,vivos,phowhisper,base,tone_aware_lora,0.1,42,scope,overall,nang,sac,2,3245,0.000616332820
aligned_v1,vivos,phowhisper,base,tone_aware_lora,0.1,42,scope,overall,nang,huyen,12,3245,0.003697996918
aligned_v1,vivos,phowhisper,base,tone_aware_lora,0.1,42,scope,overall,nang,hoi,42,3245,0.012942989214
aligned_v1,vivos,phowhisper,base,tone_aware_lora,0.1,42,scope,overall,nang,nga,9,3245,0.002773497689
aligned_v1,vivos,phowhisper,base,tone_aware_lora,0.1,42,scope,overall,nang,nang,3179,3245,0.979661016949
aligned_v1,vivos,phowhisper,base,tone_aware_lora,0.1,42,scope,low_snr,ngang,ngang,2154,2181,0.987620357634
aligned_v1,vivos,phowhisper,base,tone_aware_lora,0.1,42,scope,low_snr,ngang,sac,6,2181,0.002751031637
aligned_v1,vivos,phowhisper,base,tone_aware_lora,0.1,42,scope,low_snr,ngang,huyen,19,2181,0.008711600183
aligned_v1,vivos,phowhisper,base,tone_aware_lora,0.1,42,scope,low_snr,ngang,hoi,1,2181,0.000458505273
aligned_v1,vivos,phowhisper,base,tone_aware_lora,0.1,42,scope,low_snr,ngang,nga,0,2181,0.000000000000
aligned_v1,vivos,phowhisper,base,tone_aware_lora,0.1,42,scope,low_snr,ngang,nang,1,2181,0.000458505273
aligned_v1,vivos,phowhisper,base,tone_aware_lora,0.1,42,scope,low_snr,sac,ngang,13,1790,0.007262569832
aligned_v1,vivos,phowhisper,base,tone_aware_lora,0.1,42,scope,low_snr,sac,sac,1767,1790,0.987150837989
aligned_v1,vivos,phowhisper,base,tone_aware_lora,0.1,42,scope,low_snr,sac,huyen,3,1790,0.001675977654
aligned_v1,vivos,phowhisper,base,tone_aware_lora,0.1,42,scope,low_snr,sac,hoi,6,1790,0.003351955307
aligned_v1,vivos,phowhisper,base,tone_aware_lora,0.1,42,scope,low_snr,sac,nga,1,1790,0.000558659218
aligned_v1,vivos,phowhisper,base,tone_aware_lora,0.1,42,scope,low_snr,sac,nang,0,1790,0.000000000000
aligned_v1,vivos,phowhisper,base,tone_aware_lora,0.1,42,scope,low_snr,huyen,ngang,5,1505,0.003322259136
aligned_v1,vivos,phowhisper,base,tone_aware_lora,0.1,42,scope,low_snr,huyen,sac,1,1505,0.000664451827
aligned_v1,vivos,phowhisper,base,tone_aware_lora,0.1,42,scope,low_snr,huyen,huyen,1487,1505,0.988039867110
aligned_v1,vivos,phowhisper,base,tone_aware_lora,0.1,42,scope,low_snr,huyen,hoi,4,1505,0.002657807309
aligned_v1,vivos,phowhisper,base,tone_aware_lora,0.1,42,scope,low_snr,huyen,nga,0,1505,0.000000000000
aligned_v1,vivos,phowhisper,base,tone_aware_lora,0.1,42,scope,low_snr,huyen,nang,8,1505,0.005315614618
aligned_v1,vivos,phowhisper,base,tone_aware_lora,0.1,42,scope,low_snr,hoi,ngang,0,736,0.000000000000
aligned_v1,vivos,phowhisper,base,tone_aware_lora,0.1,42,scope,low_snr,hoi,sac,2,736,0.002717391304
aligned_v1,vivos,phowhisper,base,tone_aware_lora,0.1,42,scope,low_snr,hoi,huyen,5,736,0.006793478261
aligned_v1,vivos,phowhisper,base,tone_aware_lora,0.1,42,scope,low_snr,hoi,hoi,714,736,0.970108695652
aligned_v1,vivos,phowhisper,base,tone_aware_lora,0.1,42,scope,low_snr,hoi,nga,8,736,0.010869565217
aligned_v1,vivos,phowhisper,base,tone_aware_lora,0.1,42,scope,low_snr,hoi,nang,7,736,0.009510869565
aligned_v1,vivos,phowhisper,base,tone_aware_lora,0.1,42,scope,low_snr,nga,ngang,2,377,0.005305039788
aligned_v1,vivos,phowhisper,base,tone_aware_lora,0.1,42,scope,low_snr,nga,sac,0,377,0.000000000000
aligned_v1,vivos,phowhisper,base,tone_aware_lora,0.1,42,scope,low_snr,nga,huyen,0,377,0.000000000000
aligned_v1,vivos,phowhisper,base,tone_aware_lora,0.1,42,scope,low_snr,nga,hoi,6,377,0.015915119363
aligned_v1,vivos,phowhisper,base,tone_aware_lora,0.1,42,scope,low_snr,nga,nga,366,377,0.970822281167
aligned_v1,vivos,phowhisper,base,tone_aware_lora,0.1,42,scope,low_snr,nga,nang,3,377,0.007957559682
aligned_v1,vivos,phowhisper,base,tone_aware_lora,0.1,42,scope,low_snr,nang,ngang,1,1210,0.000826446281
aligned_v1,vivos,phowhisper,base,tone_aware_lora,0.1,42,scope,low_snr,nang,sac,1,1210,0.000826446281
aligned_v1,vivos,phowhisper,base,tone_aware_lora,0.1,42,scope,low_snr,nang,huyen,5,1210,0.004132231405
aligned_v1,vivos,phowhisper,base,tone_aware_lora,0.1,42,scope,low_snr,nang,hoi,15,1210,0.012396694215
aligned_v1,vivos,phowhisper,base,tone_aware_lora,0.1,42,scope,low_snr,nang,nga,5,1210,0.004132231405
aligned_v1,vivos,phowhisper,base,tone_aware_lora,0.1,42,scope,low_snr,nang,nang,1183,1210,0.977685950413
