dataset,model,model_size,train_type,lambda,seed,snr,n,wer,cer,ter,der,fcer,swdr,metric_version
vivos,phowhisper,base,ordinary_lora,0,42,clean,300,0.07446113651208361,0.03271857396404044,0.010101010101010102,0.007633587786259542,0.038157894736842106,0.0,aligned_v1
vivos,phowhisper,base,ordinary_lora,0,42,20,300,0.08360548661005879,0.03858322401419863,0.012263489838822705,0.007334963325183374,0.04602235371466141,0.0,aligned_v1
vivos,phowhisper,base,ordinary_lora,0,42,10,300,0.10548661005878511,0.05224168531522494,0.01284796573875803,0.009236234458259326,0.06434668417596848,0.0,aligned_v1
vivos,phowhisper,base,ordinary_lora,0,42,5,300,0.1495754408883083,0.08303109807855544,0.01545253863134658,0.009527299377061194,0.09440104166666667,0.006711409395973154,aligned_v1
vivos,phowhisper,base,ordinary_lora,0,42,0,300,0.24918354016982364,0.15788255266610077,0.02454473475851148,0.009101701622477245,0.18682021753039027,0.006711409395973154,aligned_v1
vivos,phowhisper,base,ordinary_lora,0,42,noisy_all,1200,0.14696276943174397,0.08293464001851995,0.016055045871559634,0.008779952441924272,0.09848608171902978,0.003355704697986577,aligned_v1
vivos,phowhisper,base,ordinary_lora,0,42,all,1500,0.1324624428478119,0.07289142680762405,0.014813739016774382,0.008540822235089751,0.0865196398277437,0.0026845637583892616,aligned_v1
vivos,phowhisper,base,tone_aware_lora,0.05,42,clean,300,0.07348138471587198,0.032795740412068834,0.009401114206128134,0.006594932315168344,0.03949967083607637,0.0,aligned_v1
vivos,phowhisper,base,tone_aware_lora,0.05,42,20,300,0.08458523840627041,0.039432054942510994,0.012280701754385965,0.007000350017500875,0.04602235371466141,0.0,aligned_v1
vivos,phowhisper,base,tone_aware_lora,0.05,42,10,300,0.1038536903984324,0.05162435373099776,0.012121212121212121,0.008167613636363636,0.06369008535784636,0.0,aligned_v1
vivos,phowhisper,base,tone_aware_lora,0.05,42,5,300,0.14598301763553234,0.08017593950150474,0.016886930983847283,0.009147457006952067,0.0938722294654498,0.006711409395973154,aligned_v1
vivos,phowhisper,base,tone_aware_lora,0.05,42,0,300,0.2364467668190725,0.14684775059803998,0.022664015904572565,0.009535160905840286,0.18722044728434506,0.006711409395973154,aligned_v1
vivos,phowhisper,base,tone_aware_lora,0.05,42,noisy_all,1200,0.14271717831482691,0.07952002469326337,0.015788507435285478,0.008422594525313559,0.0983232948070975,0.003355704697986577,aligned_v1
vivos,phowhisper,base,tone_aware_lora,0.05,42,all,1500,0.1288700195950359,0.07017516783702446,0.014455905855005086,0.008041147493480151,0.08666144609762465,0.0026845637583892616,aligned_v1
vivos,phowhisper,base,tone_aware_lora,0.1,42,clean,300,0.07478772044415415,0.033413071996296013,0.010104529616724738,0.006944444444444444,0.038841342988808425,0.0,aligned_v1
vivos,phowhisper,base,tone_aware_lora,0.1,42,20,300,0.0852384062704115,0.03920055559842581,0.011243851018973999,0.0070028011204481795,0.04739960500329164,0.0,aligned_v1
vivos,phowhisper,base,tone_aware_lora,0.1,42,10,300,0.10222077073807968,0.051084188594798983,0.011404133998574484,0.007809726659566915,0.06295081967213115,0.0,aligned_v1
vivos,phowhisper,base,tone_aware_lora,0.1,42,5,300,0.15022860875244937,0.084497260591095,0.016886930983847283,0.009147457006952067,0.0938722294654498,0.006711409395973154,aligned_v1
vivos,phowhisper,base,tone_aware_lora,0.1,42,0,300,0.23938602220770738,0.15024307431128944,0.023015873015873017,0.008733624454148471,0.18638676844783714,0.006711409395973154,aligned_v1
vivos,phowhisper,base,tone_aware_lora,0.1,42,noisy_all,1200,0.14426845199216198,0.08125626977390231,0.015418502202643172,0.00814645308924485,0.0983739837398374,0.003355704697986577,aligned_v1
vivos,phowhisper,base,tone_aware_lora,0.1,42,all,1500,0.13037230568256042,0.07168763021838105,0.014310620369025135,0.007895689967403115,0.08658234450384665,0.0026845637583892616,aligned_v1
vivos,phowhisper,base,tone_aware_lora,0.3,42,clean,300,0.08033964728935336,0.035265066748977544,0.010157618213660246,0.00732728541521284,0.04413702239789196,0.0,aligned_v1
vivos,phowhisper,base,tone_aware_lora,0.3,42,20,300,0.08981058131939909,0.04159271548730612,0.01267605633802817,0.007713884992987377,0.04805793285055958,0.0,aligned_v1
vivos,phowhisper,base,tone_aware_lora,0.3,42,10,300,0.10418027433050293,0.05193301952311135,0.011760513186029936,0.008507621410847217,0.05847568988173456,0.0,aligned_v1
vivos,phowhisper,base,tone_aware_lora,0.3,42,5,300,0.1541476159372959,0.08650358823983333,0.01698043558508675,0.00919793966151582,0.10409889394925179,0.006711409395973154,aligned_v1
vivos,phowhisper,base,tone_aware_lora,0.3,42,0,300,0.2691051600261267,0.16459603364457134,0.025917065390749602,0.007987220447284345,0.18216805644644002,0.006711409395973154,aligned_v1
vivos,phowhisper,base,tone_aware_lora,0.3,42,noisy_all,1200,0.15431090790333116,0.08615633922370554,0.016570008285004142,0.008352455254703992,0.09874531530063549,0.003355704697986577,aligned_v1
vivos,phowhisper,base,tone_aware_lora,0.3,42,all,1500,0.1395166557805356,0.07597808472875993,0.015235457063711912,0.008138943390741952,0.08791639451338994,0.0026845637583892616,aligned_v1
vivos,phowhisper,base,tone_aware_lora,0.5,42,clean,300,0.08785107772697583,0.03873755691025542,0.01163200563976031,0.00876577840112202,0.04940711462450593,0.0,aligned_v1
vivos,phowhisper,base,tone_aware_lora,0.5,42,20,300,0.0999346832135859,0.0449108727525272,0.01245995016019936,0.009206798866855524,0.05456936226166995,0.0,aligned_v1
vivos,phowhisper,base,tone_aware_lora,0.5,42,10,300,0.11234487263226649,0.05594567482058801,0.013993541442411194,0.010357142857142856,0.07025607353906763,0.0,aligned_v1
vivos,phowhisper,base,tone_aware_lora,0.5,42,5,300,0.17015022860875245,0.09568639555521259,0.018297236743838687,0.011519881085098476,0.11060507482108002,0.0,aligned_v1
vivos,phowhisper,base,tone_aware_lora,0.5,42,0,300,0.3037230568256042,0.20487691951539472,0.02491961414790997,0.009244372990353697,0.1913937058445729,0.006711409395973154,aligned_v1
vivos,phowhisper,base,tone_aware_lora,0.5,42,noisy_all,1200,0.17153821032005226,0.10035496566093063,0.017190113361828657,0.010089789873183375,0.10720104268491365,0.0016778523489932886,aligned_v1
vivos,phowhisper,base,tone_aware_lora,0.5,42,all,1500,0.15480078380143697,0.08803148391079559,0.016030590484594456,0.009813255217868912,0.09574190177638453,0.0013422818791946308,aligned_v1
vivos,phowhisper,base,zero_shot,,42,clean,300,0.08066623122142391,0.0365768963654603,0.010496850944716585,0.008362369337979094,0.043963254593175856,0.0,aligned_v1
vivos,phowhisper,base,zero_shot,,42,20,300,0.0852384062704115,0.03796589242997145,0.013342696629213483,0.008391608391608392,0.048556430446194225,0.006711409395973154,aligned_v1
vivos,phowhisper,base,zero_shot,,42,10,300,0.10418027433050293,0.05239601821128174,0.011424491253123885,0.010649627263045794,0.06221349050425671,0.0,aligned_v1
vivos,phowhisper,base,zero_shot,,42,5,300,0.15284128020901372,0.08488309283123698,0.017452655031563312,0.010362694300518135,0.10194805194805195,0.006711409395973154,aligned_v1
vivos,phowhisper,base,zero_shot,,42,0,300,0.24983670803396474,0.15317539933636853,0.024949698189134808,0.011651265568501407,0.18717948717948718,0.006711409395973154,aligned_v1
vivos,phowhisper,base,zero_shot,,42,noisy_all,1200,0.14802416721097322,0.08210510070221468,0.016532742218527754,0.01021347073978653,0.10047146805397496,0.0050335570469798654,aligned_v1
vivos,phowhisper,base,zero_shot,,42,all,1500,0.13455258001306336,0.0729994598348638,0.015272195834855682,0.009826757897801719,0.08925081433224756,0.004026845637583893,aligned_v1
vivos,phowhisper,small,zero_shot,,42,clean,300,0.06335728282168518,0.02832008642642179,0.009635237439779766,0.005835907998626845,0.03162055335968379,0.0,aligned_v1
vivos,phowhisper,small,zero_shot,,42,20,300,0.0659699542782495,0.03032641407516012,0.009665170866413532,0.005511539786427834,0.037549407114624504,0.0,aligned_v1
vivos,phowhisper,small,zero_shot,,42,10,300,0.0689092096668844,0.030403580523188516,0.010034602076124567,0.005522954780807732,0.03491436100131752,0.0,aligned_v1
vivos,phowhisper,small,zero_shot,,42,5,300,0.09209666884389288,0.04529670499266919,0.010977337110481586,0.004953998584571833,0.06601307189542484,0.0,aligned_v1
vivos,phowhisper,small,zero_shot,,42,0,300,0.14435009797517961,0.08009877305347635,0.01629026286560533,0.0059193488716241215,0.10802069857697283,0.0,aligned_v1
vivos,phowhisper,small,zero_shot,,42,noisy_all,1200,0.0928314826910516,0.04653136816112354,0.01166902404526167,0.005472680730867685,0.061845549738219895,0.0,aligned_v1
vivos,phowhisper,small,zero_shot,,42,all,1500,0.08693664271717831,0.042889111814183194,0.011253340835560557,0.005546973739643309,0.05583224115334207,0.0,aligned_v1
vivos,phowhisper,tiny,zero_shot,,42,clean,300,0.0999346832135859,0.04244154641561849,0.014973262032085561,0.009216589861751152,0.06110381077529566,0.0,aligned_v1
vivos,phowhisper,tiny,zero_shot,,42,20,300,0.11430437622468975,0.05008102477042982,0.017992083483267363,0.010371959942775394,0.07100591715976332,0.006711409395973154,aligned_v1
vivos,phowhisper,tiny,zero_shot,,42,10,300,0.1404310907903331,0.06975846901767112,0.016568483063328424,0.01206140350877193,0.09358638743455497,0.006711409395973154,aligned_v1
vivos,phowhisper,tiny,zero_shot,,42,5,300,0.19431743958197256,0.106644031175245,0.022290545734050732,0.013724742661075104,0.13043478260869565,0.013422818791946308,aligned_v1
vivos,phowhisper,tiny,zero_shot,,42,0,300,0.36610058785107774,0.2244000308665792,0.03622872108249672,0.016971279373368148,0.24107142857142858,0.013422818791946308,aligned_v1
vivos,phowhisper,tiny,zero_shot,,42,noisy_all,1200,0.2037883736120183,0.1127208889574813,0.022718521370812476,0.013106285276953985,0.13478402078596946,0.010067114093959731,aligned_v1
vivos,phowhisper,tiny,zero_shot,,42,all,1500,0.1830176355323318,0.09866502044910873,0.021071780489653604,0.01227964441765858,0.12018229166666666,0.008053691275167786,aligned_v1
vivos,whisper,base,zero_shot,,42,clean,300,0.3726322664924886,0.18280731537927308,0.09274004683840749,0.039406583217431616,0.26461143224149003,0.013422818791946308,aligned_v1
vivos,whisper,base,zero_shot,,42,20,300,0.3798171129980405,0.18774596805309052,0.09712399811409712,0.041237113402061855,0.27471116816431324,0.013422818791946308,aligned_v1
vivos,whisper,base,zero_shot,,42,10,300,0.4359895493141737,0.23111351184504977,0.10278053624627606,0.03608502224419179,0.3047923322683706,0.013422818791946308,aligned_v1
vivos,whisper,base,zero_shot,,42,5,300,0.49444807315480077,0.27216606219615713,0.12273972602739726,0.04263565891472868,0.37570799244808056,0.020134228187919462,aligned_v1
vivos,whisper,base,zero_shot,,42,0,300,0.7883736120182887,0.5410139671270932,0.17893401015228427,0.034529451591062965,0.4918429003021148,0.03355704697986577,aligned_v1
vivos,whisper,base,zero_shot,,42,noisy_all,1200,0.524657086871326,0.3080098773053476,0.121947983014862,0.038844086021505374,0.36375058897439927,0.020134228187919462,aligned_v1
vivos,whisper,base,zero_shot,,42,all,1500,0.49425212279555847,0.28296936492013275,0.11549994829903837,0.03897051161821403,0.3442705704189803,0.01879194630872483,aligned_v1
vivos,whisper,small,zero_shot,,42,clean,300,0.28118876551273675,0.15819121845821438,0.06613545816733067,0.020432692307692308,0.16091205211726384,0.020134228187919462,aligned_v1
vivos,whisper,small,zero_shot,,42,20,300,0.2635532331809275,0.14414692491704606,0.05910543130990415,0.01958433253397282,0.15590345727332028,0.013422818791946308,aligned_v1
vivos,whisper,small,zero_shot,,42,10,300,0.27792292619203135,0.1437610926769041,0.06347897774113767,0.02342786683107275,0.18652849740932642,0.006711409395973154,aligned_v1
vivos,whisper,small,zero_shot,,42,5,300,0.32135858915741344,0.1821128173470175,0.06776003452740613,0.023478260869565216,0.2274183215887252,0.006711409395973154,aligned_v1
vivos,whisper,small,zero_shot,,42,0,300,0.47419986936642716,0.30233814337526044,0.08540076335877862,0.02616279069767442,0.31476846057571967,0.026845637583892617,aligned_v1
vivos,whisper,small,zero_shot,,42,noisy_all,1200,0.3342586544741999,0.19308974457905703,0.06828641763887403,0.023013227228734272,0.22209749839640797,0.013422818791946308,aligned_v1
vivos,whisper,small,zero_shot,,42,all,1500,0.3236446766819073,0.18611003935488848,0.06783092887876487,0.022467147096227214,0.21001158152103977,0.01476510067114094,aligned_v1
vivos,whisper,tiny,zero_shot,,42,clean,300,0.49477465708687135,0.24400030866579211,0.11570247933884298,0.06220347917764892,0.3297536323436513,0.026845637583892617,aligned_v1
vivos,whisper,tiny,zero_shot,,42,20,300,0.5558458523840627,0.2897600123466317,0.11273957158962795,0.0561307901907357,0.34398496240601506,0.013422818791946308,aligned_v1
vivos,whisper,tiny,zero_shot,,42,10,300,0.6681907250163291,0.39941353499498417,0.14213518635502212,0.05976586568083796,0.4144981412639405,0.026845637583892617,aligned_v1
vivos,whisper,tiny,zero_shot,,42,5,300,0.8344219464402352,0.5583764179334825,0.17613227893601727,0.07324147933284988,0.502983293556086,0.040268456375838924,aligned_v1
vivos,whisper,tiny,zero_shot,,42,0,300,1.1404310907903332,0.8391851223088201,0.22337662337662337,0.07038391224862889,0.6117445838084379,0.04697986577181208,aligned_v1
vivos,whisper,tiny,zero_shot,,42,noisy_all,1200,0.79972240365774,0.5216837718959796,0.15720819922073523,0.0637329286798179,0.4719879518072289,0.031879194630872486,aligned_v1
vivos,whisper,tiny,zero_shot,,42,all,1500,0.7387328543435663,0.46614707924994214,0.14744752526561286,0.0633622892181911,0.4446065912683935,0.03087248322147651,aligned_v1
