dataset,model,model_size,train_type,lambda,seed,noise_type,n,wer,cer,ter,der,fcer,swdr,metric_version,prediction_sha256,benchmark_manifest_sha256,benchmark_manifest_format,wer_numerator,wer_denominator,cer_numerator,cer_denominator,ter_numerator,ter_denominator,der_numerator,der_denominator,fcer_numerator,fcer_denominator,swdr_numerator,swdr_denominator,ter_coverage,der_coverage,fcer_coverage
vivos,phowhisper,base,ordinary_lora,0,42,clean,460,0.08626609442060086,0.03886533414092469,0.01178373382624769,0.008957280661460726,0.049436253252385085,0.004405286343612335,aligned_v1,7e946a83a65c621d5440aa46923cd6526cb0126fa74e86bebe030b94b39d3e88,89712f4873a6de7fb84f912d2380419fc48f56c7499ebed5f62528c749a2a146,jsonl,402,4660,770,19812,51,4328,39,4354,114,2306,1,227,0.9287553648068669,0.9343347639484979,0.49484978540772534
vivos,phowhisper,base,ordinary_lora,0,42,music,582,0.12827090815802974,0.06435125563425628,0.015570934256055362,0.00936723379850889,0.08958755916159568,0.0,aligned_v1,7e946a83a65c621d5440aa46923cd6526cb0126fa74e86bebe030b94b39d3e88,89712f4873a6de7fb84f912d2380419fc48f56c7499ebed5f62528c749a2a146,jsonl,750,5847,1599,24848,81,5202,49,5231,265,2958,0,286,0.8896870189840944,0.8946468274328716,0.5059004617752694
vivos,phowhisper,base,ordinary_lora,0,42,noise,837,0.12609559425032138,0.06242964996568291,0.015543364681295717,0.011401917595231926,0.07710390220968501,0.007211538461538462,aligned_v1,7e946a83a65c621d5440aa46923cd6526cb0126fa74e86bebe030b94b39d3e88,89712f4873a6de7fb84f912d2380419fc48f56c7499ebed5f62528c749a2a146,jsonl,1079,8557,2274,36425,119,7656,88,7718,328,4254,3,416,0.8947060885824472,0.9019516185579058,0.49713684702582683
vivos,phowhisper,base,ordinary_lora,0,42,speech,421,0.19428706326723325,0.116884561891516,0.022752497225305215,0.0077907623817473565,0.1538095238095238,0.0048543689320388345,aligned_v1,7e946a83a65c621d5440aa46923cd6526cb0126fa74e86bebe030b94b39d3e88,89712f4873a6de7fb84f912d2380419fc48f56c7499ebed5f62528c749a2a146,jsonl,823,4236,2101,17975,82,3604,28,3594,323,2100,1,206,0.8508026440037771,0.8484419263456091,0.49575070821529743
vivos,phowhisper,base,tone_aware_lora,0.05,42,clean,460,0.08369098712446352,0.038612961841308295,0.011748445058742226,0.008020164986251146,0.04854789770264413,0.004405286343612335,aligned_v1,65f0e0fbc62aee74c35e2a5e224feef155dc9cc6422b34f33ab5744db9dfde9c,89712f4873a6de7fb84f912d2380419fc48f56c7499ebed5f62528c749a2a146,jsonl,390,4660,765,19812,51,4341,35,4364,112,2307,1,227,0.9315450643776824,0.936480686695279,0.4950643776824034
vivos,phowhisper,base,tone_aware_lora,0.05,42,music,582,0.12912604754574997,0.06338538312942692,0.017287744909719554,0.00974025974025974,0.08629441624365482,0.0,aligned_v1,65f0e0fbc62aee74c35e2a5e224feef155dc9cc6422b34f33ab5744db9dfde9c,89712f4873a6de7fb84f912d2380419fc48f56c7499ebed5f62528c749a2a146,jsonl,755,5847,1575,24848,90,5206,51,5236,255,2955,0,286,0.8903711304942705,0.8955019668205918,0.5053873781426372
vivos,phowhisper,base,tone_aware_lora,0.05,42,noise,837,0.1266799111838261,0.06179821551132464,0.015669887699138157,0.01075965776510241,0.07634484378670425,0.007211538461538462,aligned_v1,65f0e0fbc62aee74c35e2a5e224feef155dc9cc6422b34f33ab5744db9dfde9c,89712f4873a6de7fb84f912d2380419fc48f56c7499ebed5f62528c749a2a146,jsonl,1084,8557,2251,36425,120,7658,83,7714,325,4257,3,416,0.894939815355849,0.9014841650111021,0.49748743718592964
vivos,phowhisper,base,tone_aware_lora,0.05,42,speech,421,0.18838526912181303,0.11031988873435326,0.024444444444444446,0.008356545961002786,0.15102429728442116,0.0048543689320388345,aligned_v1,65f0e0fbc62aee74c35e2a5e224feef155dc9cc6422b34f33ab5744db9dfde9c,89712f4873a6de7fb84f912d2380419fc48f56c7499ebed5f62528c749a2a146,jsonl,798,4236,1983,17975,88,3600,30,3590,317,2099,1,206,0.8498583569405099,0.8474976392823418,0.4955146364494806
vivos,phowhisper,base,tone_aware_lora,0.1,42,clean,460,0.08648068669527897,0.03926912982031092,0.011786457129651028,0.009412304866850322,0.04856895056374675,0.004405286343612335,aligned_v1,b2e70f3a5d6294f622ed8eca1f7eb50b4afad9c1638e320c38ec46c9abf84636,89712f4873a6de7fb84f912d2380419fc48f56c7499ebed5f62528c749a2a146,jsonl,403,4660,778,19812,51,4327,41,4356,112,2306,1,227,0.9285407725321888,0.934763948497854,0.49484978540772534
vivos,phowhisper,base,tone_aware_lora,0.1,42,music,582,0.13083632632119035,0.06455247907276239,0.018069973087274125,0.00974770642201835,0.08961785593506932,0.0,aligned_v1,b2e70f3a5d6294f622ed8eca1f7eb50b4afad9c1638e320c38ec46c9abf84636,89712f4873a6de7fb84f912d2380419fc48f56c7499ebed5f62528c749a2a146,jsonl,765,5847,1604,24848,94,5202,51,5232,265,2957,0,286,0.8896870189840944,0.8948178553104156,0.5057294338977253
vivos,phowhisper,base,tone_aware_lora,0.1,42,noise,837,0.1279654084375365,0.06292381606039808,0.015951882845188285,0.010903426791277258,0.0767785865226579,0.007211538461538462,aligned_v1,b2e70f3a5d6294f622ed8eca1f7eb50b4afad9c1638e320c38ec46c9abf84636,89712f4873a6de7fb84f912d2380419fc48f56c7499ebed5f62528c749a2a146,jsonl,1095,8557,2292,36425,122,7648,84,7704,327,4259,3,416,0.8937711814888395,0.9003155311440926,0.4977211639593315
vivos,phowhisper,base,tone_aware_lora,0.1,42,speech,421,0.18791312559017942,0.10776077885952712,0.023132664437012264,0.00864472950362521,0.15069146399618502,0.0048543689320388345,aligned_v1,b2e70f3a5d6294f622ed8eca1f7eb50b4afad9c1638e320c38ec46c9abf84636,89712f4873a6de7fb84f912d2380419fc48f56c7499ebed5f62528c749a2a146,jsonl,796,4236,1937,17975,83,3588,31,3586,316,2097,1,206,0.8470254957507082,0.8465533522190746,0.495042492917847
vivos,phowhisper,base,zero_shot,,42,clean,460,0.08798283261802575,0.038612961841308295,0.013638465094775775,0.009184845005740528,0.04598698481561822,0.004405286343612335,aligned_v1,50c9573886aa391fdaea91679c45ac4449671e14c7095f4d0f8df41dc28f59e9,89712f4873a6de7fb84f912d2380419fc48f56c7499ebed5f62528c749a2a146,jsonl,410,4660,765,19812,59,4326,40,4355,106,2305,1,227,0.9283261802575107,0.9345493562231759,0.4946351931330472
vivos,phowhisper,base,zero_shot,,42,music,582,0.13545407901487944,0.06753058596265293,0.01666020922123208,0.00943577893317928,0.09235453315290934,0.0,aligned_v1,50c9573886aa391fdaea91679c45ac4449671e14c7095f4d0f8df41dc28f59e9,89712f4873a6de7fb84f912d2380419fc48f56c7499ebed5f62528c749a2a146,jsonl,792,5847,1678,24848,86,5162,49,5193,273,2956,0,286,0.8828459038823329,0.888147768086198,0.5055584060201813
vivos,phowhisper,base,zero_shot,,42,noise,837,0.1299520860114526,0.06380233356211393,0.014966522252855455,0.011335504885993485,0.08135433811427228,0.009615384615384616,aligned_v1,50c9573886aa391fdaea91679c45ac4449671e14c7095f4d0f8df41dc28f59e9,89712f4873a6de7fb84f912d2380419fc48f56c7499ebed5f62528c749a2a146,jsonl,1112,8557,2324,36425,114,7617,87,7675,346,4253,4,416,0.8901484165011102,0.8969264929297651,0.49701998363912586
vivos,phowhisper,base,zero_shot,,42,speech,421,0.27148253068932954,0.17318497913769124,0.025360230547550433,0.008648025367541078,0.19072408897302415,0.0048543689320388345,aligned_v1,50c9573886aa391fdaea91679c45ac4449671e14c7095f4d0f8df41dc28f59e9,89712f4873a6de7fb84f912d2380419fc48f56c7499ebed5f62528c749a2a146,jsonl,1150,4236,3113,17975,88,3470,30,3469,403,2113,1,206,0.8191690273843248,0.818932955618508,0.498819641170916
vivos,phowhisper,small,zero_shot,,42,clean,460,0.0611587982832618,0.026600040379567938,0.01038374717832957,0.0036076662908680946,0.03566768160069596,0.00881057268722467,aligned_v1,5fe13634e06e4add0cbf8766aea23dadc9c04ea280c3106a83de8d1c72992f7c,89712f4873a6de7fb84f912d2380419fc48f56c7499ebed5f62528c749a2a146,jsonl,285,4660,527,19812,46,4430,16,4435,82,2299,2,227,0.9506437768240343,0.9517167381974249,0.49334763948497856
vivos,phowhisper,small,zero_shot,,42,music,582,0.09167094236360526,0.044309401159047,0.013713862120088955,0.004813923347528236,0.06317934782608696,0.0034965034965034965,aligned_v1,5fe13634e06e4add0cbf8766aea23dadc9c04ea280c3106a83de8d1c72992f7c,89712f4873a6de7fb84f912d2380419fc48f56c7499ebed5f62528c749a2a146,jsonl,536,5847,1101,24848,74,5396,26,5401,186,2944,1,286,0.9228664272276381,0.9237215666153583,0.5035060714896528
vivos,phowhisper,small,zero_shot,,42,noise,837,0.08869931050601847,0.04238846945778998,0.01162349968414403,0.0057956406702784425,0.05889281507656066,0.014423076923076924,aligned_v1,5fe13634e06e4add0cbf8766aea23dadc9c04ea280c3106a83de8d1c72992f7c,89712f4873a6de7fb84f912d2380419fc48f56c7499ebed5f62528c749a2a146,jsonl,759,8557,1544,36425,92,7915,46,7937,250,4245,6,416,0.9249737057379923,0.9275447002454131,0.4960850765455183
vivos,phowhisper,small,zero_shot,,42,speech,421,0.12582625118035884,0.0698191933240612,0.015243101182654402,0.005520504731861199,0.09672762271414823,0.009708737864077669,aligned_v1,5fe13634e06e4add0cbf8766aea23dadc9c04ea280c3106a83de8d1c72992f7c,89712f4873a6de7fb84f912d2380419fc48f56c7499ebed5f62528c749a2a146,jsonl,533,4236,1255,17975,58,3805,21,3804,201,2078,2,206,0.8982530689329556,0.8980169971671388,0.49055712936732765
vivos,phowhisper,tiny,zero_shot,,42,clean,460,0.1017167381974249,0.04618413082980012,0.015445822607067634,0.005835667600373483,0.06374674761491761,0.004405286343612335,aligned_v1,e167ebf7d5cdea12cc706cf95280b9334c17a6596cd38f0fcd64001413c1795d,89712f4873a6de7fb84f912d2380419fc48f56c7499ebed5f62528c749a2a146,jsonl,474,4660,915,19812,66,4273,25,4284,147,2306,1,227,0.9169527896995708,0.91931330472103,0.49484978540772534
vivos,phowhisper,tiny,zero_shot,,42,music,582,0.172396100564392,0.08922247263361237,0.024014408645187113,0.010553564317005177,0.12558922558922558,0.0,aligned_v1,e167ebf7d5cdea12cc706cf95280b9334c17a6596cd38f0fcd64001413c1795d,89712f4873a6de7fb84f912d2380419fc48f56c7499ebed5f62528c749a2a146,jsonl,1008,5847,2217,24848,120,4997,53,5022,373,2970,0,286,0.8546263040875662,0.8589020010261673,0.5079527963057978
vivos,phowhisper,tiny,zero_shot,,42,noise,837,0.15262358303143625,0.07733699382292382,0.01915093076201955,0.009583388792759218,0.10142890606699462,0.007211538461538462,aligned_v1,e167ebf7d5cdea12cc706cf95280b9334c17a6596cd38f0fcd64001413c1795d,89712f4873a6de7fb84f912d2380419fc48f56c7499ebed5f62528c749a2a146,jsonl,1306,8557,2817,36425,143,7467,72,7513,433,4269,3,416,0.8726189084959682,0.8779946242842117,0.498889797826341
vivos,phowhisper,tiny,zero_shot,,42,speech,421,0.38220018885741264,0.25791376912378305,0.037545787545787544,0.009202453987730062,0.2598975314392175,0.0048543689320388345,aligned_v1,e167ebf7d5cdea12cc706cf95280b9334c17a6596cd38f0fcd64001413c1795d,89712f4873a6de7fb84f912d2380419fc48f56c7499ebed5f62528c749a2a146,jsonl,1619,4236,4636,17975,123,3276,30,3260,558,2147,1,206,0.773371104815864,0.7695939565627951,0.5068460812086875
vivos,whisper,base,zero_shot,,42,clean,460,0.4012875536480687,0.2045225116091258,0.11288805268109126,0.031746031746031744,0.27311101730688053,0.01762114537444934,aligned_v1,f84cc1be099226c6e0a5e7a32e23e66748a4f797114a1e75dbda6124eae6f45a,89712f4873a6de7fb84f912d2380419fc48f56c7499ebed5f62528c749a2a146,jsonl,1870,4660,4052,19812,360,3189,100,3150,647,2369,4,227,0.6843347639484979,0.6759656652360515,0.5083690987124464
vivos,whisper,base,zero_shot,,42,music,582,0.4896528134085856,0.27342240824211206,0.13188041352333055,0.035458964826994566,0.36065040650406505,0.024475524475524476,aligned_v1,f84cc1be099226c6e0a5e7a32e23e66748a4f797114a1e75dbda6124eae6f45a,89712f4873a6de7fb84f912d2380419fc48f56c7499ebed5f62528c749a2a146,jsonl,2863,5847,6794,24848,472,3579,124,3497,1109,3075,7,286,0.612108773730118,0.5980844877715068,0.525910723447922
vivos,whisper,base,zero_shot,,42,noise,837,0.49292976510459274,0.28167467398764584,0.11547169811320755,0.037911983234901886,0.3481799683472756,0.038461538461538464,aligned_v1,f84cc1be099226c6e0a5e7a32e23e66748a4f797114a1e75dbda6124eae6f45a,89712f4873a6de7fb84f912d2380419fc48f56c7499ebed5f62528c749a2a146,jsonl,4218,8557,10260,36425,612,5300,199,5249,1540,4423,16,416,0.619375949515017,0.6134159167932687,0.5168867593782868
vivos,whisper,base,zero_shot,,42,speech,421,0.8557601510859302,0.5975521557719055,0.19188354653727394,0.03668413530252501,0.488195991091314,0.03398058252427184,aligned_v1,f84cc1be099226c6e0a5e7a32e23e66748a4f797114a1e75dbda6124eae6f45a,89712f4873a6de7fb84f912d2380419fc48f56c7499ebed5f62528c749a2a146,jsonl,3625,4236,10741,17975,435,2267,77,2099,1096,2245,7,206,0.5351746931067044,0.4955146364494806,0.5299811142587346
vivos,whisper,small,zero_shot,,42,clean,460,0.24549356223175967,0.12522713506965474,0.06183932346723044,0.019230769230769232,0.15268817204301074,0.02643171806167401,aligned_v1,eef4a0ca75df1afd37ed0fb45c7c072ef25fd7a09b49766b670a7810211ce1bc,89712f4873a6de7fb84f912d2380419fc48f56c7499ebed5f62528c749a2a146,jsonl,1144,4660,2481,19812,234,3784,72,3744,355,2325,6,227,0.8120171673819743,0.8034334763948497,0.4989270386266094
vivos,whisper,small,zero_shot,,42,music,582,0.29160253121258767,0.154177398583387,0.06466097889537495,0.022166930558697128,0.2092245989304813,0.017482517482517484,aligned_v1,eef4a0ca75df1afd37ed0fb45c7c072ef25fd7a09b49766b670a7810211ce1bc,89712f4873a6de7fb84f912d2380419fc48f56c7499ebed5f62528c749a2a146,jsonl,1705,5847,3831,24848,288,4454,98,4421,626,2992,5,286,0.7617581665811527,0.7561142466221994,0.5117154096117668
vivos,whisper,small,zero_shot,,42,noise,837,0.30489657590276964,0.16741249142072753,0.06212882594792143,0.021407669798244263,0.19693450998606596,0.038461538461538464,aligned_v1,eef4a0ca75df1afd37ed0fb45c7c072ef25fd7a09b49766b670a7810211ce1bc,89712f4873a6de7fb84f912d2380419fc48f56c7499ebed5f62528c749a2a146,jsonl,2609,8557,6098,36425,408,6567,139,6493,848,4306,16,416,0.7674418604651163,0.7587939698492462,0.503213743134276
vivos,whisper,small,zero_shot,,42,speech,421,0.4442870632672332,0.2763838664812239,0.08521560574948665,0.022082018927444796,0.3162705667276051,0.009708737864077669,aligned_v1,eef4a0ca75df1afd37ed0fb45c7c072ef25fd7a09b49766b670a7810211ce1bc,89712f4873a6de7fb84f912d2380419fc48f56c7499ebed5f62528c749a2a146,jsonl,1882,4236,4968,17975,249,2922,63,2853,692,2188,2,206,0.6898016997167139,0.6735127478753541,0.5165250236071766
vivos,whisper,tiny,zero_shot,,42,clean,460,0.5592274678111588,0.29547748839087423,0.12013600302228938,0.05448601525608427,0.350920245398773,0.013215859030837005,aligned_v1,0883e8db144bb0a0b1e7c1635c8a1aff5c11eb4f42b2d014bb6abc3fcc5ede42,89712f4873a6de7fb84f912d2380419fc48f56c7499ebed5f62528c749a2a146,jsonl,2606,4660,5854,19812,318,2647,150,2753,858,2445,3,227,0.5680257510729614,0.5907725321888412,0.5246781115879828
vivos,whisper,tiny,zero_shot,,42,music,582,0.6748760047887806,0.38413554410817774,0.15576102418207682,0.06215083798882681,0.4531446540880503,0.017482517482517484,aligned_v1,0883e8db144bb0a0b1e7c1635c8a1aff5c11eb4f42b2d014bb6abc3fcc5ede42,89712f4873a6de7fb84f912d2380419fc48f56c7499ebed5f62528c749a2a146,jsonl,3946,5847,9545,24848,438,2812,178,2864,1441,3180,5,286,0.48093039165383955,0.48982384128612966,0.5438686505900462
vivos,whisper,tiny,zero_shot,,42,noise,837,0.6911300689493981,0.4087577213452299,0.13876174415803422,0.057950530035335686,0.4567632324112394,0.016826923076923076,aligned_v1,0883e8db144bb0a0b1e7c1635c8a1aff5c11eb4f42b2d014bb6abc3fcc5ede42,89712f4873a6de7fb84f912d2380419fc48f56c7499ebed5f62528c749a2a146,jsonl,5914,8557,14889,36425,576,4151,246,4245,2097,4591,7,416,0.4850999181956293,0.4960850765455183,0.5365198083440458
vivos,whisper,tiny,zero_shot,,42,speech,421,1.3196411709159586,1.0136300417246176,0.2676056338028169,0.058898847631242,0.6133955065705807,0.10194174757281553,aligned_v1,0883e8db144bb0a0b1e7c1635c8a1aff5c11eb4f42b2d014bb6abc3fcc5ede42,89712f4873a6de7fb84f912d2380419fc48f56c7499ebed5f62528c749a2a146,jsonl,5590,4236,18220,17975,475,1775,92,1562,1447,2359,21,206,0.4190273843248348,0.3687440982058546,0.5568932955618509
