metric_version,dataset,model,model_size,train_type,lambda,seed,group_type,group_value,ref_coda,hyp_coda,count,ref_total,row_rate
aligned_v1,fleurs,phowhisper,base,ordinary_lora,0,42,scope,overall,none,none,0,391,0.000000000000
aligned_v1,fleurs,phowhisper,base,ordinary_lora,0,42,scope,overall,none,n,112,391,0.286445012788
aligned_v1,fleurs,phowhisper,base,ordinary_lora,0,42,scope,overall,none,ng,36,391,0.092071611253
aligned_v1,fleurs,phowhisper,base,ordinary_lora,0,42,scope,overall,none,nh,20,391,0.051150895141
aligned_v1,fleurs,phowhisper,base,ordinary_lora,0,42,scope,overall,none,t,86,391,0.219948849105
aligned_v1,fleurs,phowhisper,base,ordinary_lora,0,42,scope,overall,none,c,30,391,0.076726342711
aligned_v1,fleurs,phowhisper,base,ordinary_lora,0,42,scope,overall,none,ch,2,391,0.005115089514
aligned_v1,fleurs,phowhisper,base,ordinary_lora,0,42,scope,overall,none,m,96,391,0.245524296675
aligned_v1,fleurs,phowhisper,base,ordinary_lora,0,42,scope,overall,none,p,9,391,0.023017902813
aligned_v1,fleurs,phowhisper,base,ordinary_lora,0,42,scope,overall,n,none,76,3214,0.023646546360
aligned_v1,fleurs,phowhisper,base,ordinary_lora,0,42,scope,overall,n,n,3001,3214,0.933727442439
aligned_v1,fleurs,phowhisper,base,ordinary_lora,0,42,scope,overall,n,ng,93,3214,0.028935905414
aligned_v1,fleurs,phowhisper,base,ordinary_lora,0,42,scope,overall,n,nh,28,3214,0.008711885501
aligned_v1,fleurs,phowhisper,base,ordinary_lora,0,42,scope,overall,n,t,6,3214,0.001866832607
aligned_v1,fleurs,phowhisper,base,ordinary_lora,0,42,scope,overall,n,c,3,3214,0.000933416304
aligned_v1,fleurs,phowhisper,base,ordinary_lora,0,42,scope,overall,n,ch,0,3214,0.000000000000
aligned_v1,fleurs,phowhisper,base,ordinary_lora,0,42,scope,overall,n,m,7,3214,0.002177971375
aligned_v1,fleurs,phowhisper,base,ordinary_lora,0,42,scope,overall,n,p,0,3214,0.000000000000
aligned_v1,fleurs,phowhisper,base,ordinary_lora,0,42,scope,overall,ng,none,40,3282,0.012187690433
aligned_v1,fleurs,phowhisper,base,ordinary_lora,0,42,scope,overall,ng,n,73,3282,0.022242535040
aligned_v1,fleurs,phowhisper,base,ordinary_lora,0,42,scope,overall,ng,ng,3120,3282,0.950639853748
aligned_v1,fleurs,phowhisper,base,ordinary_lora,0,42,scope,overall,ng,nh,8,3282,0.002437538087
aligned_v1,fleurs,phowhisper,base,ordinary_lora,0,42,scope,overall,ng,t,2,3282,0.000609384522
aligned_v1,fleurs,phowhisper,base,ordinary_lora,0,42,scope,overall,ng,c,3,3282,0.000914076782
aligned_v1,fleurs,phowhisper,base,ordinary_lora,0,42,scope,overall,ng,ch,1,3282,0.000304692261
aligned_v1,fleurs,phowhisper,base,ordinary_lora,0,42,scope,overall,ng,m,34,3282,0.010359536868
aligned_v1,fleurs,phowhisper,base,ordinary_lora,0,42,scope,overall,ng,p,1,3282,0.000304692261
aligned_v1,fleurs,phowhisper,base,ordinary_lora,0,42,scope,overall,nh,none,7,971,0.007209062822
aligned_v1,fleurs,phowhisper,base,ordinary_lora,0,42,scope,overall,nh,n,15,971,0.015447991761
aligned_v1,fleurs,phowhisper,base,ordinary_lora,0,42,scope,overall,nh,ng,3,971,0.003089598352
aligned_v1,fleurs,phowhisper,base,ordinary_lora,0,42,scope,overall,nh,nh,941,971,0.969104016478
aligned_v1,fleurs,phowhisper,base,ordinary_lora,0,42,scope,overall,nh,t,0,971,0.000000000000
aligned_v1,fleurs,phowhisper,base,ordinary_lora,0,42,scope,overall,nh,c,0,971,0.000000000000
aligned_v1,fleurs,phowhisper,base,ordinary_lora,0,42,scope,overall,nh,ch,0,971,0.000000000000
aligned_v1,fleurs,phowhisper,base,ordinary_lora,0,42,scope,overall,nh,m,5,971,0.005149330587
aligned_v1,fleurs,phowhisper,base,ordinary_lora,0,42,scope,overall,nh,p,0,971,0.000000000000
aligned_v1,fleurs,phowhisper,base,ordinary_lora,0,42,scope,overall,t,none,37,1615,0.022910216718
aligned_v1,fleurs,phowhisper,base,ordinary_lora,0,42,scope,overall,t,n,9,1615,0.005572755418
aligned_v1,fleurs,phowhisper,base,ordinary_lora,0,42,scope,overall,t,ng,2,1615,0.001238390093
aligned_v1,fleurs,phowhisper,base,ordinary_lora,0,42,scope,overall,t,nh,0,1615,0.000000000000
aligned_v1,fleurs,phowhisper,base,ordinary_lora,0,42,scope,overall,t,t,1492,1615,0.923839009288
aligned_v1,fleurs,phowhisper,base,ordinary_lora,0,42,scope,overall,t,c,47,1615,0.029102167183
aligned_v1,fleurs,phowhisper,base,ordinary_lora,0,42,scope,overall,t,ch,8,1615,0.004953560372
aligned_v1,fleurs,phowhisper,base,ordinary_lora,0,42,scope,overall,t,m,4,1615,0.002476780186
aligned_v1,fleurs,phowhisper,base,ordinary_lora,0,42,scope,overall,t,p,16,1615,0.009907120743
aligned_v1,fleurs,phowhisper,base,ordinary_lora,0,42,scope,overall,c,none,38,2014,0.018867924528
aligned_v1,fleurs,phowhisper,base,ordinary_lora,0,42,scope,overall,c,n,6,2014,0.002979145978
aligned_v1,fleurs,phowhisper,base,ordinary_lora,0,42,scope,overall,c,ng,4,2014,0.001986097319
aligned_v1,fleurs,phowhisper,base,ordinary_lora,0,42,scope,overall,c,nh,1,2014,0.000496524330
aligned_v1,fleurs,phowhisper,base,ordinary_lora,0,42,scope,overall,c,t,24,2014,0.011916583913
aligned_v1,fleurs,phowhisper,base,ordinary_lora,0,42,scope,overall,c,c,1919,2014,0.952830188679
aligned_v1,fleurs,phowhisper,base,ordinary_lora,0,42,scope,overall,c,ch,15,2014,0.007447864945
aligned_v1,fleurs,phowhisper,base,ordinary_lora,0,42,scope,overall,c,m,2,2014,0.000993048659
aligned_v1,fleurs,phowhisper,base,ordinary_lora,0,42,scope,overall,c,p,5,2014,0.002482621648
aligned_v1,fleurs,phowhisper,base,ordinary_lora,0,42,scope,overall,ch,none,6,254,0.023622047244
aligned_v1,fleurs,phowhisper,base,ordinary_lora,0,42,scope,overall,ch,n,3,254,0.011811023622
aligned_v1,fleurs,phowhisper,base,ordinary_lora,0,42,scope,overall,ch,ng,0,254,0.000000000000
aligned_v1,fleurs,phowhisper,base,ordinary_lora,0,42,scope,overall,ch,nh,2,254,0.007874015748
aligned_v1,fleurs,phowhisper,base,ordinary_lora,0,42,scope,overall,ch,t,6,254,0.023622047244
aligned_v1,fleurs,phowhisper,base,ordinary_lora,0,42,scope,overall,ch,c,4,254,0.015748031496
aligned_v1,fleurs,phowhisper,base,ordinary_lora,0,42,scope,overall,ch,ch,229,254,0.901574803150
aligned_v1,fleurs,phowhisper,base,ordinary_lora,0,42,scope,overall,ch,m,1,254,0.003937007874
aligned_v1,fleurs,phowhisper,base,ordinary_lora,0,42,scope,overall,ch,p,3,254,0.011811023622
aligned_v1,fleurs,phowhisper,base,ordinary_lora,0,42,scope,overall,m,none,5,946,0.005285412262
aligned_v1,fleurs,phowhisper,base,ordinary_lora,0,42,scope,overall,m,n,9,946,0.009513742072
aligned_v1,fleurs,phowhisper,base,ordinary_lora,0,42,scope,overall,m,ng,2,946,0.002114164905
aligned_v1,fleurs,phowhisper,base,ordinary_lora,0,42,scope,overall,m,nh,2,946,0.002114164905
aligned_v1,fleurs,phowhisper,base,ordinary_lora,0,42,scope,overall,m,t,8,946,0.008456659619
aligned_v1,fleurs,phowhisper,base,ordinary_lora,0,42,scope,overall,m,c,0,946,0.000000000000
aligned_v1,fleurs,phowhisper,base,ordinary_lora,0,42,scope,overall,m,ch,0,946,0.000000000000
aligned_v1,fleurs,phowhisper,base,ordinary_lora,0,42,scope,overall,m,m,918,946,0.970401691332
aligned_v1,fleurs,phowhisper,base,ordinary_lora,0,42,scope,overall,m,p,2,946,0.002114164905
aligned_v1,fleurs,phowhisper,base,ordinary_lora,0,42,scope,overall,p,none,15,510,0.029411764706
aligned_v1,fleurs,phowhisper,base,ordinary_lora,0,42,scope,overall,p,n,3,510,0.005882352941
aligned_v1,fleurs,phowhisper,base,ordinary_lora,0,42,scope,overall,p,ng,0,510,0.000000000000
aligned_v1,fleurs,phowhisper,base,ordinary_lora,0,42,scope,overall,p,nh,0,510,0.000000000000
aligned_v1,fleurs,phowhisper,base,ordinary_lora,0,42,scope,overall,p,t,10,510,0.019607843137
aligned_v1,fleurs,phowhisper,base,ordinary_lora,0,42,scope,overall,p,c,8,510,0.015686274510
aligned_v1,fleurs,phowhisper,base,ordinary_lora,0,42,scope,overall,p,ch,2,510,0.003921568627
aligned_v1,fleurs,phowhisper,base,ordinary_lora,0,42,scope,overall,p,m,0,510,0.000000000000
aligned_v1,fleurs,phowhisper,base,ordinary_lora,0,42,scope,overall,p,p,472,510,0.925490196078
aligned_v1,fleurs,phowhisper,base,tone_aware_lora,0.05,42,scope,overall,none,none,0,407,0.000000000000
aligned_v1,fleurs,phowhisper,base,tone_aware_lora,0.05,42,scope,overall,none,n,121,407,0.297297297297
aligned_v1,fleurs,phowhisper,base,tone_aware_lora,0.05,42,scope,overall,none,ng,39,407,0.095823095823
aligned_v1,fleurs,phowhisper,base,tone_aware_lora,0.05,42,scope,overall,none,nh,18,407,0.044226044226
aligned_v1,fleurs,phowhisper,base,tone_aware_lora,0.05,42,scope,overall,none,t,88,407,0.216216216216
aligned_v1,fleurs,phowhisper,base,tone_aware_lora,0.05,42,scope,overall,none,c,29,407,0.071253071253
aligned_v1,fleurs,phowhisper,base,tone_aware_lora,0.05,42,scope,overall,none,ch,3,407,0.007371007371
aligned_v1,fleurs,phowhisper,base,tone_aware_lora,0.05,42,scope,overall,none,m,93,407,0.228501228501
aligned_v1,fleurs,phowhisper,base,tone_aware_lora,0.05,42,scope,overall,none,p,16,407,0.039312039312
aligned_v1,fleurs,phowhisper,base,tone_aware_lora,0.05,42,scope,overall,n,none,76,3214,0.023646546360
aligned_v1,fleurs,phowhisper,base,tone_aware_lora,0.05,42,scope,overall,n,n,2995,3214,0.931860609832
aligned_v1,fleurs,phowhisper,base,tone_aware_lora,0.05,42,scope,overall,n,ng,101,3214,0.031425015557
aligned_v1,fleurs,phowhisper,base,tone_aware_lora,0.05,42,scope,overall,n,nh,28,3214,0.008711885501
aligned_v1,fleurs,phowhisper,base,tone_aware_lora,0.05,42,scope,overall,n,t,6,3214,0.001866832607
aligned_v1,fleurs,phowhisper,base,tone_aware_lora,0.05,42,scope,overall,n,c,2,3214,0.000622277536
aligned_v1,fleurs,phowhisper,base,tone_aware_lora,0.05,42,scope,overall,n,ch,1,3214,0.000311138768
aligned_v1,fleurs,phowhisper,base,tone_aware_lora,0.05,42,scope,overall,n,m,4,3214,0.001244555072
aligned_v1,fleurs,phowhisper,base,tone_aware_lora,0.05,42,scope,overall,n,p,1,3214,0.000311138768
aligned_v1,fleurs,phowhisper,base,tone_aware_lora,0.05,42,scope,overall,ng,none,35,3282,0.010664229129
aligned_v1,fleurs,phowhisper,base,tone_aware_lora,0.05,42,scope,overall,ng,n,84,3282,0.025594149909
aligned_v1,fleurs,phowhisper,base,tone_aware_lora,0.05,42,scope,overall,ng,ng,3115,3282,0.949116392444
aligned_v1,fleurs,phowhisper,base,tone_aware_lora,0.05,42,scope,overall,ng,nh,10,3282,0.003046922608
aligned_v1,fleurs,phowhisper,base,tone_aware_lora,0.05,42,scope,overall,ng,t,2,3282,0.000609384522
aligned_v1,fleurs,phowhisper,base,tone_aware_lora,0.05,42,scope,overall,ng,c,2,3282,0.000609384522
aligned_v1,fleurs,phowhisper,base,tone_aware_lora,0.05,42,scope,overall,ng,ch,0,3282,0.000000000000
aligned_v1,fleurs,phowhisper,base,tone_aware_lora,0.05,42,scope,overall,ng,m,32,3282,0.009750152346
aligned_v1,fleurs,phowhisper,base,tone_aware_lora,0.05,42,scope,overall,ng,p,2,3282,0.000609384522
aligned_v1,fleurs,phowhisper,base,tone_aware_lora,0.05,42,scope,overall,nh,none,5,971,0.005149330587
aligned_v1,fleurs,phowhisper,base,tone_aware_lora,0.05,42,scope,overall,nh,n,18,971,0.018537590113
aligned_v1,fleurs,phowhisper,base,tone_aware_lora,0.05,42,scope,overall,nh,ng,1,971,0.001029866117
aligned_v1,fleurs,phowhisper,base,tone_aware_lora,0.05,42,scope,overall,nh,nh,942,971,0.970133882595
aligned_v1,fleurs,phowhisper,base,tone_aware_lora,0.05,42,scope,overall,nh,t,0,971,0.000000000000
aligned_v1,fleurs,phowhisper,base,tone_aware_lora,0.05,42,scope,overall,nh,c,0,971,0.000000000000
aligned_v1,fleurs,phowhisper,base,tone_aware_lora,0.05,42,scope,overall,nh,ch,0,971,0.000000000000
aligned_v1,fleurs,phowhisper,base,tone_aware_lora,0.05,42,scope,overall,nh,m,5,971,0.005149330587
aligned_v1,fleurs,phowhisper,base,tone_aware_lora,0.05,42,scope,overall,nh,p,0,971,0.000000000000
aligned_v1,fleurs,phowhisper,base,tone_aware_lora,0.05,42,scope,overall,t,none,42,1615,0.026006191950
aligned_v1,fleurs,phowhisper,base,tone_aware_lora,0.05,42,scope,overall,t,n,5,1615,0.003095975232
aligned_v1,fleurs,phowhisper,base,tone_aware_lora,0.05,42,scope,overall,t,ng,1,1615,0.000619195046
aligned_v1,fleurs,phowhisper,base,tone_aware_lora,0.05,42,scope,overall,t,nh,0,1615,0.000000000000
aligned_v1,fleurs,phowhisper,base,tone_aware_lora,0.05,42,scope,overall,t,t,1499,1615,0.928173374613
aligned_v1,fleurs,phowhisper,base,tone_aware_lora,0.05,42,scope,overall,t,c,46,1615,0.028482972136
aligned_v1,fleurs,phowhisper,base,tone_aware_lora,0.05,42,scope,overall,t,ch,5,1615,0.003095975232
aligned_v1,fleurs,phowhisper,base,tone_aware_lora,0.05,42,scope,overall,t,m,3,1615,0.001857585139
aligned_v1,fleurs,phowhisper,base,tone_aware_lora,0.05,42,scope,overall,t,p,14,1615,0.008668730650
aligned_v1,fleurs,phowhisper,base,tone_aware_lora,0.05,42,scope,overall,c,none,35,2014,0.017378351539
aligned_v1,fleurs,phowhisper,base,tone_aware_lora,0.05,42,scope,overall,c,n,7,2014,0.003475670308
aligned_v1,fleurs,phowhisper,base,tone_aware_lora,0.05,42,scope,overall,c,ng,3,2014,0.001489572989
aligned_v1,fleurs,phowhisper,base,tone_aware_lora,0.05,42,scope,overall,c,nh,3,2014,0.001489572989
aligned_v1,fleurs,phowhisper,base,tone_aware_lora,0.05,42,scope,overall,c,t,26,2014,0.012909632572
aligned_v1,fleurs,phowhisper,base,tone_aware_lora,0.05,42,scope,overall,c,c,1925,2014,0.955809334657
aligned_v1,fleurs,phowhisper,base,tone_aware_lora,0.05,42,scope,overall,c,ch,11,2014,0.005461767627
aligned_v1,fleurs,phowhisper,base,tone_aware_lora,0.05,42,scope,overall,c,m,1,2014,0.000496524330
aligned_v1,fleurs,phowhisper,base,tone_aware_lora,0.05,42,scope,overall,c,p,3,2014,0.001489572989
aligned_v1,fleurs,phowhisper,base,tone_aware_lora,0.05,42,scope,overall,ch,none,4,254,0.015748031496
aligned_v1,fleurs,phowhisper,base,tone_aware_lora,0.05,42,scope,overall,ch,n,3,254,0.011811023622
aligned_v1,fleurs,phowhisper,base,tone_aware_lora,0.05,42,scope,overall,ch,ng,0,254,0.000000000000
aligned_v1,fleurs,phowhisper,base,tone_aware_lora,0.05,42,scope,overall,ch,nh,1,254,0.003937007874
aligned_v1,fleurs,phowhisper,base,tone_aware_lora,0.05,42,scope,overall,ch,t,6,254,0.023622047244
aligned_v1,fleurs,phowhisper,base,tone_aware_lora,0.05,42,scope,overall,ch,c,4,254,0.015748031496
aligned_v1,fleurs,phowhisper,base,tone_aware_lora,0.05,42,scope,overall,ch,ch,232,254,0.913385826772
aligned_v1,fleurs,phowhisper,base,tone_aware_lora,0.05,42,scope,overall,ch,m,1,254,0.003937007874
aligned_v1,fleurs,phowhisper,base,tone_aware_lora,0.05,42,scope,overall,ch,p,3,254,0.011811023622
aligned_v1,fleurs,phowhisper,base,tone_aware_lora,0.05,42,scope,overall,m,none,4,946,0.004228329810
aligned_v1,fleurs,phowhisper,base,tone_aware_lora,0.05,42,scope,overall,m,n,12,946,0.012684989429
aligned_v1,fleurs,phowhisper,base,tone_aware_lora,0.05,42,scope,overall,m,ng,3,946,0.003171247357
aligned_v1,fleurs,phowhisper,base,tone_aware_lora,0.05,42,scope,overall,m,nh,3,946,0.003171247357
aligned_v1,fleurs,phowhisper,base,tone_aware_lora,0.05,42,scope,overall,m,t,9,946,0.009513742072
aligned_v1,fleurs,phowhisper,base,tone_aware_lora,0.05,42,scope,overall,m,c,0,946,0.000000000000
aligned_v1,fleurs,phowhisper,base,tone_aware_lora,0.05,42,scope,overall,m,ch,0,946,0.000000000000
aligned_v1,fleurs,phowhisper,base,tone_aware_lora,0.05,42,scope,overall,m,m,913,946,0.965116279070
aligned_v1,fleurs,phowhisper,base,tone_aware_lora,0.05,42,scope,overall,m,p,2,946,0.002114164905
aligned_v1,fleurs,phowhisper,base,tone_aware_lora,0.05,42,scope,overall,p,none,15,510,0.029411764706
aligned_v1,fleurs,phowhisper,base,tone_aware_lora,0.05,42,scope,overall,p,n,3,510,0.005882352941
aligned_v1,fleurs,phowhisper,base,tone_aware_lora,0.05,42,scope,overall,p,ng,0,510,0.000000000000
aligned_v1,fleurs,phowhisper,base,tone_aware_lora,0.05,42,scope,overall,p,nh,1,510,0.001960784314
aligned_v1,fleurs,phowhisper,base,tone_aware_lora,0.05,42,scope,overall,p,t,8,510,0.015686274510
aligned_v1,fleurs,phowhisper,base,tone_aware_lora,0.05,42,scope,overall,p,c,9,510,0.017647058824
aligned_v1,fleurs,phowhisper,base,tone_aware_lora,0.05,42,scope,overall,p,ch,4,510,0.007843137255
aligned_v1,fleurs,phowhisper,base,tone_aware_lora,0.05,42,scope,overall,p,m,0,510,0.000000000000
aligned_v1,fleurs,phowhisper,base,tone_aware_lora,0.05,42,scope,overall,p,p,470,510,0.921568627451
aligned_v1,fleurs,phowhisper,base,tone_aware_lora,0.1,42,scope,overall,none,none,0,410,0.000000000000
aligned_v1,fleurs,phowhisper,base,tone_aware_lora,0.1,42,scope,overall,none,n,123,410,0.300000000000
aligned_v1,fleurs,phowhisper,base,tone_aware_lora,0.1,42,scope,overall,none,ng,43,410,0.104878048780
aligned_v1,fleurs,phowhisper,base,tone_aware_lora,0.1,42,scope,overall,none,nh,14,410,0.034146341463
aligned_v1,fleurs,phowhisper,base,tone_aware_lora,0.1,42,scope,overall,none,t,90,410,0.219512195122
aligned_v1,fleurs,phowhisper,base,tone_aware_lora,0.1,42,scope,overall,none,c,31,410,0.075609756098
aligned_v1,fleurs,phowhisper,base,tone_aware_lora,0.1,42,scope,overall,none,ch,4,410,0.009756097561
aligned_v1,fleurs,phowhisper,base,tone_aware_lora,0.1,42,scope,overall,none,m,91,410,0.221951219512
aligned_v1,fleurs,phowhisper,base,tone_aware_lora,0.1,42,scope,overall,none,p,14,410,0.034146341463
aligned_v1,fleurs,phowhisper,base,tone_aware_lora,0.1,42,scope,overall,n,none,65,3214,0.020224019913
aligned_v1,fleurs,phowhisper,base,tone_aware_lora,0.1,42,scope,overall,n,n,3005,3214,0.934971997511
aligned_v1,fleurs,phowhisper,base,tone_aware_lora,0.1,42,scope,overall,n,ng,100,3214,0.031113876789
aligned_v1,fleurs,phowhisper,base,tone_aware_lora,0.1,42,scope,overall,n,nh,27,3214,0.008400746733
aligned_v1,fleurs,phowhisper,base,tone_aware_lora,0.1,42,scope,overall,n,t,7,3214,0.002177971375
aligned_v1,fleurs,phowhisper,base,tone_aware_lora,0.1,42,scope,overall,n,c,2,3214,0.000622277536
aligned_v1,fleurs,phowhisper,base,tone_aware_lora,0.1,42,scope,overall,n,ch,0,3214,0.000000000000
aligned_v1,fleurs,phowhisper,base,tone_aware_lora,0.1,42,scope,overall,n,m,8,3214,0.002489110143
aligned_v1,fleurs,phowhisper,base,tone_aware_lora,0.1,42,scope,overall,n,p,0,3214,0.000000000000
aligned_v1,fleurs,phowhisper,base,tone_aware_lora,0.1,42,scope,overall,ng,none,36,3282,0.010968921389
aligned_v1,fleurs,phowhisper,base,tone_aware_lora,0.1,42,scope,overall,ng,n,85,3282,0.025898842169
aligned_v1,fleurs,phowhisper,base,tone_aware_lora,0.1,42,scope,overall,ng,ng,3113,3282,0.948507007922
aligned_v1,fleurs,phowhisper,base,tone_aware_lora,0.1,42,scope,overall,ng,nh,9,3282,0.002742230347
aligned_v1,fleurs,phowhisper,base,tone_aware_lora,0.1,42,scope,overall,ng,t,2,3282,0.000609384522
aligned_v1,fleurs,phowhisper,base,tone_aware_lora,0.1,42,scope,overall,ng,c,2,3282,0.000609384522
aligned_v1,fleurs,phowhisper,base,tone_aware_lora,0.1,42,scope,overall,ng,ch,0,3282,0.000000000000
aligned_v1,fleurs,phowhisper,base,tone_aware_lora,0.1,42,scope,overall,ng,m,33,3282,0.010054844607
aligned_v1,fleurs,phowhisper,base,tone_aware_lora,0.1,42,scope,overall,ng,p,2,3282,0.000609384522
aligned_v1,fleurs,phowhisper,base,tone_aware_lora,0.1,42,scope,overall,nh,none,5,971,0.005149330587
aligned_v1,fleurs,phowhisper,base,tone_aware_lora,0.1,42,scope,overall,nh,n,18,971,0.018537590113
aligned_v1,fleurs,phowhisper,base,tone_aware_lora,0.1,42,scope,overall,nh,ng,1,971,0.001029866117
aligned_v1,fleurs,phowhisper,base,tone_aware_lora,0.1,42,scope,overall,nh,nh,942,971,0.970133882595
aligned_v1,fleurs,phowhisper,base,tone_aware_lora,0.1,42,scope,overall,nh,t,0,971,0.000000000000
aligned_v1,fleurs,phowhisper,base,tone_aware_lora,0.1,42,scope,overall,nh,c,0,971,0.000000000000
aligned_v1,fleurs,phowhisper,base,tone_aware_lora,0.1,42,scope,overall,nh,ch,0,971,0.000000000000
aligned_v1,fleurs,phowhisper,base,tone_aware_lora,0.1,42,scope,overall,nh,m,5,971,0.005149330587
aligned_v1,fleurs,phowhisper,base,tone_aware_lora,0.1,42,scope,overall,nh,p,0,971,0.000000000000
aligned_v1,fleurs,phowhisper,base,tone_aware_lora,0.1,42,scope,overall,t,none,41,1615,0.025386996904
aligned_v1,fleurs,phowhisper,base,tone_aware_lora,0.1,42,scope,overall,t,n,8,1615,0.004953560372
aligned_v1,fleurs,phowhisper,base,tone_aware_lora,0.1,42,scope,overall,t,ng,1,1615,0.000619195046
aligned_v1,fleurs,phowhisper,base,tone_aware_lora,0.1,42,scope,overall,t,nh,0,1615,0.000000000000
aligned_v1,fleurs,phowhisper,base,tone_aware_lora,0.1,42,scope,overall,t,t,1498,1615,0.927554179567
aligned_v1,fleurs,phowhisper,base,tone_aware_lora,0.1,42,scope,overall,t,c,44,1615,0.027244582043
aligned_v1,fleurs,phowhisper,base,tone_aware_lora,0.1,42,scope,overall,t,ch,6,1615,0.003715170279
aligned_v1,fleurs,phowhisper,base,tone_aware_lora,0.1,42,scope,overall,t,m,3,1615,0.001857585139
aligned_v1,fleurs,phowhisper,base,tone_aware_lora,0.1,42,scope,overall,t,p,14,1615,0.008668730650
aligned_v1,fleurs,phowhisper,base,tone_aware_lora,0.1,42,scope,overall,c,none,38,2014,0.018867924528
aligned_v1,fleurs,phowhisper,base,tone_aware_lora,0.1,42,scope,overall,c,n,5,2014,0.002482621648
aligned_v1,fleurs,phowhisper,base,tone_aware_lora,0.1,42,scope,overall,c,ng,3,2014,0.001489572989
aligned_v1,fleurs,phowhisper,base,tone_aware_lora,0.1,42,scope,overall,c,nh,2,2014,0.000993048659
aligned_v1,fleurs,phowhisper,base,tone_aware_lora,0.1,42,scope,overall,c,t,28,2014,0.013902681231
aligned_v1,fleurs,phowhisper,base,tone_aware_lora,0.1,42,scope,overall,c,c,1925,2014,0.955809334657
aligned_v1,fleurs,phowhisper,base,tone_aware_lora,0.1,42,scope,overall,c,ch,9,2014,0.004468718967
aligned_v1,fleurs,phowhisper,base,tone_aware_lora,0.1,42,scope,overall,c,m,1,2014,0.000496524330
aligned_v1,fleurs,phowhisper,base,tone_aware_lora,0.1,42,scope,overall,c,p,3,2014,0.001489572989
aligned_v1,fleurs,phowhisper,base,tone_aware_lora,0.1,42,scope,overall,ch,none,5,254,0.019685039370
aligned_v1,fleurs,phowhisper,base,tone_aware_lora,0.1,42,scope,overall,ch,n,3,254,0.011811023622
aligned_v1,fleurs,phowhisper,base,tone_aware_lora,0.1,42,scope,overall,ch,ng,0,254,0.000000000000
aligned_v1,fleurs,phowhisper,base,tone_aware_lora,0.1,42,scope,overall,ch,nh,1,254,0.003937007874
aligned_v1,fleurs,phowhisper,base,tone_aware_lora,0.1,42,scope,overall,ch,t,6,254,0.023622047244
aligned_v1,fleurs,phowhisper,base,tone_aware_lora,0.1,42,scope,overall,ch,c,4,254,0.015748031496
aligned_v1,fleurs,phowhisper,base,tone_aware_lora,0.1,42,scope,overall,ch,ch,231,254,0.909448818898
aligned_v1,fleurs,phowhisper,base,tone_aware_lora,0.1,42,scope,overall,ch,m,1,254,0.003937007874
aligned_v1,fleurs,phowhisper,base,tone_aware_lora,0.1,42,scope,overall,ch,p,3,254,0.011811023622
aligned_v1,fleurs,phowhisper,base,tone_aware_lora,0.1,42,scope,overall,m,none,5,946,0.005285412262
aligned_v1,fleurs,phowhisper,base,tone_aware_lora,0.1,42,scope,overall,m,n,14,946,0.014799154334
aligned_v1,fleurs,phowhisper,base,tone_aware_lora,0.1,42,scope,overall,m,ng,4,946,0.004228329810
aligned_v1,fleurs,phowhisper,base,tone_aware_lora,0.1,42,scope,overall,m,nh,2,946,0.002114164905
aligned_v1,fleurs,phowhisper,base,tone_aware_lora,0.1,42,scope,overall,m,t,9,946,0.009513742072
aligned_v1,fleurs,phowhisper,base,tone_aware_lora,0.1,42,scope,overall,m,c,0,946,0.000000000000
aligned_v1,fleurs,phowhisper,base,tone_aware_lora,0.1,42,scope,overall,m,ch,0,946,0.000000000000
aligned_v1,fleurs,phowhisper,base,tone_aware_lora,0.1,42,scope,overall,m,m,910,946,0.961945031712
aligned_v1,fleurs,phowhisper,base,tone_aware_lora,0.1,42,scope,overall,m,p,2,946,0.002114164905
aligned_v1,fleurs,phowhisper,base,tone_aware_lora,0.1,42,scope,overall,p,none,14,510,0.027450980392
aligned_v1,fleurs,phowhisper,base,tone_aware_lora,0.1,42,scope,overall,p,n,3,510,0.005882352941
aligned_v1,fleurs,phowhisper,base,tone_aware_lora,0.1,42,scope,overall,p,ng,0,510,0.000000000000
aligned_v1,fleurs,phowhisper,base,tone_aware_lora,0.1,42,scope,overall,p,nh,1,510,0.001960784314
aligned_v1,fleurs,phowhisper,base,tone_aware_lora,0.1,42,scope,overall,p,t,10,510,0.019607843137
aligned_v1,fleurs,phowhisper,base,tone_aware_lora,0.1,42,scope,overall,p,c,9,510,0.017647058824
aligned_v1,fleurs,phowhisper,base,tone_aware_lora,0.1,42,scope,overall,p,ch,2,510,0.003921568627
aligned_v1,fleurs,phowhisper,base,tone_aware_lora,0.1,42,scope,overall,p,m,0,510,0.000000000000
aligned_v1,fleurs,phowhisper,base,tone_aware_lora,0.1,42,scope,overall,p,p,471,510,0.923529411765
