model,model_size,train_type,lambda,seed,split,snr,noise_type,num_samples,wer,cer,ter,der,fcer,swdr,checkpoint_path,prediction_path
phowhisper,base,ordinary_lora,0,42,all,all,all,1500,0.1324624428478119,0.07289142680762405,0.09876543209876543,0.03564326143490898,0.07635402906208719,0.005673758865248227,outputs\phat\checkpoints\ckpt_lora_ordinary_lambda0\final,outputs\phat\predictions\pred_lora_ordinary_lambda0.csv
phowhisper,base,ordinary_lora,0,42,clean,clean,clean,300,0.07446113651208361,0.03271857396404044,0.05388634879163945,0.013400941687794278,0.03500660501981506,0.005319148936170213,outputs\phat\checkpoints\ckpt_lora_ordinary_lambda0\final,outputs\phat\predictions\pred_lora_ordinary_lambda0.csv
phowhisper,base,ordinary_lora,0,42,noisy,noisy_all,all,1200,0.14696276943174397,0.08293464001851995,0.10998611904956315,0.04159798312809076,0.08669088507265522,0.00576241134751773,outputs\phat\checkpoints\ckpt_lora_ordinary_lambda0\final,outputs\phat\predictions\pred_lora_ordinary_lambda0.csv
phowhisper,base,ordinary_lora,0,42,noisy,20,all,300,0.08360548661005879,0.03858322401419863,0.06270411495754409,0.016825164594001463,0.04227212681638045,0.005319148936170213,outputs\phat\checkpoints\ckpt_lora_ordinary_lambda0\final,outputs\phat\predictions\pred_lora_ordinary_lambda0.csv
phowhisper,base,ordinary_lora,0,42,noisy,10,all,300,0.10548661005878511,0.05224168531522494,0.06956237753102547,0.02271880819366853,0.059445178335535004,0.005319148936170213,outputs\phat\checkpoints\ckpt_lora_ordinary_lambda0\final,outputs\phat\predictions\pred_lora_ordinary_lambda0.csv
phowhisper,base,ordinary_lora,0,42,noisy,5,all,300,0.1495754408883083,0.08303109807855544,0.1077726975832789,0.04247104247104247,0.08256274768824307,0.0070921985815602835,outputs\phat\checkpoints\ckpt_lora_ordinary_lambda0\final,outputs\phat\predictions\pred_lora_ordinary_lambda0.csv
phowhisper,base,ordinary_lora,0,42,noisy,0,all,300,0.24918354016982364,0.15788255266610077,0.19993466187520417,0.0920138888888889,0.16248348745046234,0.005319148936170213,outputs\phat\checkpoints\ckpt_lora_ordinary_lambda0\final,outputs\phat\predictions\pred_lora_ordinary_lambda0.csv
phowhisper,base,ordinary_lora,0,42,noisy,all,music,394,0.11992216005837995,0.06047787812964445,0.08175182481751825,0.019846895378508648,0.07017543859649122,0.00801068090787717,outputs\phat\checkpoints\ckpt_lora_ordinary_lambda0\final,outputs\phat\predictions\pred_lora_ordinary_lambda0.csv
phowhisper,base,ordinary_lora,0,42,noisy,all,noise,556,0.10907811400422238,0.05440339138024188,0.0784658691062632,0.01938379922464803,0.07069635913750442,0.003838771593090211,outputs\phat\checkpoints\ckpt_lora_ordinary_lambda0\final,outputs\phat\predictions\pred_lora_ordinary_lambda0.csv
phowhisper,base,ordinary_lora,0,42,noisy,all,speech,250,0.28006522625356706,0.18791946308724833,0.23033020790868325,0.140053050397878,0.15404255319148935,0.0064516129032258064,outputs\phat\checkpoints\ckpt_lora_ordinary_lambda0\final,outputs\phat\predictions\pred_lora_ordinary_lambda0.csv
phowhisper,base,ordinary_lora,0,42,noisy,0,music,93,0.20772442588726514,0.11215647437484526,0.14629049111807732,0.036061026352288486,0.141280353200883,0.005376344086021506,outputs\phat\checkpoints\ckpt_lora_ordinary_lambda0\final,outputs\phat\predictions\pred_lora_ordinary_lambda0.csv
phowhisper,base,ordinary_lora,0,42,noisy,0,noise,145,0.1334214002642008,0.07243679230649915,0.08850726552179657,0.024143302180685357,0.09884467265725289,0.0,outputs\phat\checkpoints\ckpt_lora_ordinary_lambda0\final,outputs\phat\predictions\pred_lora_ordinary_lambda0.csv
phowhisper,base,ordinary_lora,0,42,noisy,0,speech,62,0.6135593220338983,0.4553174282248281,0.5728813559322034,0.5183946488294314,0.3723404255319149,0.01639344262295082,outputs\phat\checkpoints\ckpt_lora_ordinary_lambda0\final,outputs\phat\predictions\pred_lora_ordinary_lambda0.csv
phowhisper,base,ordinary_lora,0,42,noisy,10,music,97,0.09082125603864734,0.04420387911592242,0.057971014492753624,0.015267175572519083,0.04789272030651341,0.005714285714285714,outputs\phat\checkpoints\ckpt_lora_ordinary_lambda0\final,outputs\phat\predictions\pred_lora_ordinary_lambda0.csv
phowhisper,base,ordinary_lora,0,42,noisy,10,noise,139,0.10732054015636106,0.048115746971736206,0.06751954513148543,0.014026402640264026,0.06762589928057554,0.007434944237918215,outputs\phat\checkpoints\ckpt_lora_ordinary_lambda0\final,outputs\phat\predictions\pred_lora_ordinary_lambda0.csv
phowhisper,base,ordinary_lora,0,42,noisy,10,speech,64,0.12580645161290321,0.0755521115846571,0.0935483870967742,0.0539568345323741,0.06060606060606061,0.0,outputs\phat\checkpoints\ckpt_lora_ordinary_lambda0\final,outputs\phat\predictions\pred_lora_ordinary_lambda0.csv
phowhisper,base,ordinary_lora,0,42,noisy,20,music,96,0.0688298918387414,0.031968721251149954,0.05014749262536873,0.012834224598930482,0.02895752895752896,0.01098901098901099,outputs\phat\checkpoints\ckpt_lora_ordinary_lambda0\final,outputs\phat\predictions\pred_lora_ordinary_lambda0.csv
phowhisper,base,ordinary_lora,0,42,noisy,20,noise,145,0.07903780068728522,0.03708502024291498,0.07560137457044673,0.01638065522620905,0.0453920220082531,0.0,outputs\phat\checkpoints\ckpt_lora_ordinary_lambda0\final,outputs\phat\predictions\pred_lora_ordinary_lambda0.csv
phowhisper,base,ordinary_lora,0,42,noisy,20,speech,59,0.12033898305084746,0.054187192118226604,0.05254237288135593,0.025145067698259187,0.05947955390334572,0.008547008547008548,outputs\phat\checkpoints\ckpt_lora_ordinary_lambda0\final,outputs\phat\predictions\pred_lora_ordinary_lambda0.csv
phowhisper,base,ordinary_lora,0,42,noisy,5,music,108,0.11807447774750227,0.0577787288679649,0.07720254314259764,0.018867924528301886,0.07155635062611806,0.009708737864077669,outputs\phat\checkpoints\ckpt_lora_ordinary_lambda0\final,outputs\phat\predictions\pred_lora_ordinary_lambda0.csv
phowhisper,base,ordinary_lora,0,42,noisy,5,noise,127,0.1162079510703364,0.05950864422202002,0.08180428134556575,0.02315227070347284,0.06847133757961783,0.007936507936507936,outputs\phat\checkpoints\ckpt_lora_ordinary_lambda0\final,outputs\phat\predictions\pred_lora_ordinary_lambda0.csv
phowhisper,base,ordinary_lora,0,42,noisy,5,speech,65,0.26952526799387444,0.17162307416696523,0.2113323124042879,0.1286549707602339,0.12844036697247707,0.0,outputs\phat\checkpoints\ckpt_lora_ordinary_lambda0\final,outputs\phat\predictions\pred_lora_ordinary_lambda0.csv
phowhisper,base,tone_aware_lora,0.05,42,all,all,all,1500,0.1288700195950359,0.07017516783702446,0.09445424260239076,0.03136474908200734,0.07648612945838837,0.006028368794326241,outputs\phat\checkpoints\ckpt_tone_lora_lambda_005\final,outputs\phat\predictions\pred_tone_lora_lambda_005.csv
phowhisper,base,tone_aware_lora,0.05,42,clean,clean,clean,300,0.07348138471587198,0.032795740412068834,0.05225342913128674,0.012653651482284888,0.036988110964332896,0.005319148936170213,outputs\phat\checkpoints\ckpt_tone_lora_lambda_005\final,outputs\phat\predictions\pred_tone_lora_lambda_005.csv
phowhisper,base,tone_aware_lora,0.05,42,noisy,noisy_all,all,1200,0.14271717831482691,0.07952002469326337,0.10500530742222586,0.0363865709295556,0.08636063408190224,0.0062056737588652485,outputs\phat\checkpoints\ckpt_tone_lora_lambda_005\final,outputs\phat\predictions\pred_tone_lora_lambda_005.csv
phowhisper,base,tone_aware_lora,0.05,42,noisy,20,all,300,0.08458523840627041,0.039432054942510994,0.06107119529719138,0.016483516483516484,0.04227212681638045,0.005319148936170213,outputs\phat\checkpoints\ckpt_tone_lora_lambda_005\final,outputs\phat\predictions\pred_tone_lora_lambda_005.csv
phowhisper,base,tone_aware_lora,0.05,42,noisy,10,all,300,0.1038536903984324,0.05162435373099776,0.06988896146309602,0.022338049143708117,0.058784676354029064,0.005319148936170213,outputs\phat\checkpoints\ckpt_tone_lora_lambda_005\final,outputs\phat\predictions\pred_tone_lora_lambda_005.csv
phowhisper,base,tone_aware_lora,0.05,42,noisy,5,all,300,0.14598301763553234,0.08017593950150474,0.10450685826257348,0.04116968064640246,0.083223249669749,0.008865248226950355,outputs\phat\checkpoints\ckpt_tone_lora_lambda_005\final,outputs\phat\predictions\pred_tone_lora_lambda_005.csv
phowhisper,base,tone_aware_lora,0.05,42,noisy,0,all,300,0.2364467668190725,0.14684775059803998,0.18458020254818686,0.07114797031863815,0.16116248348745046,0.005319148936170213,outputs\phat\checkpoints\ckpt_tone_lora_lambda_005\final,outputs\phat\predictions\pred_tone_lora_lambda_005.csv
phowhisper,base,tone_aware_lora,0.05,42,noisy,all,music,394,0.12332765750425687,0.061678289699325484,0.08077858880778589,0.019044911881750996,0.07407407407407407,0.009345794392523364,outputs\phat\checkpoints\ckpt_tone_lora_lambda_005\final,outputs\phat\predictions\pred_tone_lora_lambda_005.csv
phowhisper,base,tone_aware_lora,0.05,42,noisy,all,noise,556,0.10890218156228008,0.055691783383899254,0.07881773399014778,0.02000408246580935,0.07104984093319194,0.003838771593090211,outputs\phat\checkpoints\ckpt_tone_lora_lambda_005\final,outputs\phat\predictions\pred_tone_lora_lambda_005.csv
phowhisper,base,tone_aware_lora,0.05,42,noisy,all,speech,250,0.2535670607419486,0.16564536523684467,0.2062780269058296,0.1111699311805188,0.14468085106382977,0.0064516129032258064,outputs\phat\checkpoints\ckpt_tone_lora_lambda_005\final,outputs\phat\predictions\pred_tone_lora_lambda_005.csv
phowhisper,base,tone_aware_lora,0.05,42,noisy,0,music,93,0.21711899791231734,0.11834612527853429,0.14733542319749215,0.03361344537815126,0.1479028697571744,0.005376344086021506,outputs\phat\checkpoints\ckpt_tone_lora_lambda_005\final,outputs\phat\predictions\pred_tone_lora_lambda_005.csv
phowhisper,base,tone_aware_lora,0.05,42,noisy,0,noise,145,0.13540290620871862,0.07631456491391345,0.0891677675033025,0.02654176424668228,0.0975609756097561,0.0,outputs\phat\checkpoints\ckpt_tone_lora_lambda_005\final,outputs\phat\predictions\pred_tone_lora_lambda_005.csv
phowhisper,base,tone_aware_lora,0.05,42,noisy,0,speech,62,0.5271186440677966,0.3772745653052972,0.48983050847457626,0.3547297297297297,0.35815602836879434,0.01639344262295082,outputs\phat\checkpoints\ckpt_tone_lora_lambda_005\final,outputs\phat\predictions\pred_tone_lora_lambda_005.csv
phowhisper,base,tone_aware_lora,0.05,42,noisy,10,music,97,0.0927536231884058,0.04555705908885882,0.05893719806763285,0.015300546448087432,0.05172413793103448,0.005714285714285714,outputs\phat\checkpoints\ckpt_tone_lora_lambda_005\final,outputs\phat\predictions\pred_tone_lora_lambda_005.csv
phowhisper,base,tone_aware_lora,0.05,42,noisy,10,noise,139,0.10660980810234541,0.04845222072678331,0.06751954513148543,0.014827018121911038,0.06762589928057554,0.007434944237918215,outputs\phat\checkpoints\ckpt_tone_lora_lambda_005\final,outputs\phat\predictions\pred_tone_lora_lambda_005.csv
phowhisper,base,tone_aware_lora,0.05,42,noisy,10,speech,64,0.11612903225806452,0.06935296396745448,0.0935483870967742,0.05026929982046679,0.050505050505050504,0.0,outputs\phat\checkpoints\ckpt_tone_lora_lambda_005\final,outputs\phat\predictions\pred_tone_lora_lambda_005.csv
phowhisper,base,tone_aware_lora,0.05,42,noisy,20,music,96,0.07177974434611603,0.03357865685372585,0.048180924287118974,0.012875536480686695,0.02895752895752896,0.01098901098901099,outputs\phat\checkpoints\ckpt_tone_lora_lambda_005\final,outputs\phat\predictions\pred_tone_lora_lambda_005.csv
phowhisper,base,tone_aware_lora,0.05,42,noisy,20,noise,145,0.07972508591065292,0.03854251012145749,0.07697594501718213,0.01641907740422205,0.048143053645116916,0.0,outputs\phat\checkpoints\ckpt_tone_lora_lambda_005\final,outputs\phat\predictions\pred_tone_lora_lambda_005.csv
phowhisper,base,tone_aware_lora,0.05,42,noisy,20,speech,59,0.11864406779661017,0.05213464696223317,0.04406779661016949,0.023121387283236993,0.05204460966542751,0.008547008547008548,outputs\phat\checkpoints\ckpt_tone_lora_lambda_005\final,outputs\phat\predictions\pred_tone_lora_lambda_005.csv
phowhisper,base,tone_aware_lora,0.05,42,noisy,5,music,108,0.11807447774750227,0.05414080890220415,0.07356948228882834,0.017763845350052248,0.07692307692307693,0.014563106796116505,outputs\phat\checkpoints\ckpt_tone_lora_lambda_005\final,outputs\phat\predictions\pred_tone_lora_lambda_005.csv
phowhisper,base,tone_aware_lora,0.05,42,noisy,5,noise,127,0.11314984709480122,0.05859872611464968,0.08103975535168195,0.022222222222222223,0.06847133757961783,0.007936507936507936,outputs\phat\checkpoints\ckpt_tone_lora_lambda_005\final,outputs\phat\predictions\pred_tone_lora_lambda_005.csv
phowhisper,base,tone_aware_lora,0.05,42,noisy,5,speech,65,0.25880551301684535,0.16624865639555714,0.20367534456355282,0.12572533849129594,0.12232415902140673,0.0,outputs\phat\checkpoints\ckpt_tone_lora_lambda_005\final,outputs\phat\predictions\pred_tone_lora_lambda_005.csv
phowhisper,base,tone_aware_lora,0.1,42,all,all,all,1500,0.13037230568256042,0.07168763021838105,0.09517277418511987,0.033009857110109266,0.07582562747688243,0.005673758865248227,outputs\phat\checkpoints\ckpt_tone_lora_lambda_01\final,outputs\phat\predictions\pred_tone_lora_lambda_01.csv
phowhisper,base,tone_aware_lora,0.1,42,clean,clean,clean,300,0.07478772044415415,0.033413071996296013,0.05323318092749837,0.013381555153707052,0.03632760898282695,0.005319148936170213,outputs\phat\checkpoints\ckpt_tone_lora_lambda_01\final,outputs\phat\predictions\pred_tone_lora_lambda_01.csv
phowhisper,base,tone_aware_lora,0.1,42,noisy,noisy_all,all,1200,0.14426845199216198,0.08125626977390231,0.10565852861925369,0.03826777756248789,0.0857001321003963,0.00576241134751773,outputs\phat\checkpoints\ckpt_tone_lora_lambda_01\final,outputs\phat\predictions\pred_tone_lora_lambda_01.csv
phowhisper,base,tone_aware_lora,0.1,42,noisy,20,all,300,0.0852384062704115,0.03920055559842581,0.0581319399085565,0.016087751371115174,0.04491413474240423,0.0035460992907801418,outputs\phat\checkpoints\ckpt_tone_lora_lambda_01\final,outputs\phat\predictions\pred_tone_lora_lambda_01.csv
phowhisper,base,tone_aware_lora,0.1,42,noisy,10,all,300,0.10222077073807968,0.051084188594798983,0.06662312214239059,0.020763811642565813,0.05680317040951123,0.005319148936170213,outputs\phat\checkpoints\ckpt_tone_lora_lambda_01\final,outputs\phat\predictions\pred_tone_lora_lambda_01.csv
phowhisper,base,tone_aware_lora,0.1,42,noisy,5,all,300,0.15022860875244937,0.084497260591095,0.1077726975832789,0.045804464973056194,0.0845442536327609,0.008865248226950355,outputs\phat\checkpoints\ckpt_tone_lora_lambda_01\final,outputs\phat\predictions\pred_tone_lora_lambda_01.csv
phowhisper,base,tone_aware_lora,0.1,42,noisy,0,all,300,0.23938602220770738,0.15024307431128944,0.19013394315583143,0.07678883071553229,0.15653896961690886,0.005319148936170213,outputs\phat\checkpoints\ckpt_tone_lora_lambda_01\final,outputs\phat\predictions\pred_tone_lora_lambda_01.csv
phowhisper,base,tone_aware_lora,0.1,42,noisy,all,music,394,0.12113840914619314,0.060878015319538126,0.07907542579075426,0.017882486517172863,0.07309941520467836,0.009345794392523364,outputs\phat\checkpoints\ckpt_tone_lora_lambda_01\final,outputs\phat\predictions\pred_tone_lora_lambda_01.csv
phowhisper,base,tone_aware_lora,0.1,42,noisy,all,noise,556,0.1085503166783955,0.05502680686588255,0.07565095003518649,0.019164118246687054,0.06963591375044186,0.003838771593090211,outputs\phat\checkpoints\ckpt_tone_lora_lambda_01\final,outputs\phat\predictions\pred_tone_lora_lambda_01.csv
phowhisper,base,tone_aware_lora,0.1,42,noisy,all,speech,250,0.2657969832857725,0.17731738157766755,0.21973094170403587,0.12565997888067582,0.14638297872340425,0.004301075268817204,outputs\phat\checkpoints\ckpt_tone_lora_lambda_01\final,outputs\phat\predictions\pred_tone_lora_lambda_01.csv
phowhisper,base,tone_aware_lora,0.1,42,noisy,0,music,93,0.2139874739039666,0.11760336717009161,0.14420062695924765,0.030726256983240222,0.1456953642384106,0.005376344086021506,outputs\phat\checkpoints\ckpt_tone_lora_lambda_01\final,outputs\phat\predictions\pred_tone_lora_lambda_01.csv
phowhisper,base,tone_aware_lora,0.1,42,noisy,0,noise,145,0.13276089828269486,0.07321234682798201,0.08256274768824307,0.02336448598130841,0.09370988446726572,0.0,outputs\phat\checkpoints\ckpt_tone_lora_lambda_01\final,outputs\phat\predictions\pred_tone_lora_lambda_01.csv
phowhisper,base,tone_aware_lora,0.1,42,noisy,0,speech,62,0.5542372881355933,0.4043671653861706,0.5406779661016949,0.4246575342465753,0.3475177304964539,0.01639344262295082,outputs\phat\checkpoints\ckpt_tone_lora_lambda_01\final,outputs\phat\predictions\pred_tone_lora_lambda_01.csv
phowhisper,base,tone_aware_lora,0.1,42,noisy,10,music,97,0.0927536231884058,0.04668470906630582,0.057971014492753624,0.015317286652078774,0.05172413793103448,0.005714285714285714,outputs\phat\checkpoints\ckpt_tone_lora_lambda_01\final,outputs\phat\predictions\pred_tone_lora_lambda_01.csv
phowhisper,base,tone_aware_lora,0.1,42,noisy,10,noise,139,0.10376687988628287,0.04727456258411844,0.06751954513148543,0.013968775677896467,0.06330935251798561,0.007434944237918215,outputs\phat\checkpoints\ckpt_tone_lora_lambda_01\final,outputs\phat\predictions\pred_tone_lora_lambda_01.csv
phowhisper,base,tone_aware_lora,0.1,42,noisy,10,speech,64,0.11451612903225807,0.06741573033707865,0.07903225806451612,0.044169611307420496,0.050505050505050504,0.0,outputs\phat\checkpoints\ckpt_tone_lora_lambda_01\final,outputs\phat\predictions\pred_tone_lora_lambda_01.csv
phowhisper,base,tone_aware_lora,0.1,42,noisy,20,music,96,0.07177974434611603,0.03288868445262189,0.048180924287118974,0.012875536480686695,0.03088803088803089,0.01098901098901099,outputs\phat\checkpoints\ckpt_tone_lora_lambda_01\final,outputs\phat\predictions\pred_tone_lora_lambda_01.csv
phowhisper,base,tone_aware_lora,0.1,42,noisy,20,noise,145,0.08109965635738832,0.03919028340080972,0.07147766323024055,0.01638065522620905,0.04951856946354883,0.0,outputs\phat\checkpoints\ckpt_tone_lora_lambda_01\final,outputs\phat\predictions\pred_tone_lora_lambda_01.csv
phowhisper,base,tone_aware_lora,0.1,42,noisy,20,speech,59,0.11864406779661017,0.050492610837438424,0.0423728813559322,0.02111324376199616,0.05947955390334572,0.0,outputs\phat\checkpoints\ckpt_tone_lora_lambda_01\final,outputs\phat\predictions\pred_tone_lora_lambda_01.csv
phowhisper,base,tone_aware_lora,0.1,42,noisy,5,music,108,0.11262488646684832,0.05135887010485769,0.07084468664850137,0.015608740894901144,0.07334525939177101,0.014563106796116505,outputs\phat\checkpoints\ckpt_tone_lora_lambda_01\final,outputs\phat\predictions\pred_tone_lora_lambda_01.csv
phowhisper,base,tone_aware_lora,0.1,42,noisy,5,noise,127,0.1162079510703364,0.05987261146496815,0.08103975535168195,0.023172905525846704,0.07006369426751592,0.007936507936507936,outputs\phat\checkpoints\ckpt_tone_lora_lambda_01\final,outputs\phat\predictions\pred_tone_lora_lambda_01.csv
phowhisper,base,tone_aware_lora,0.1,42,noisy,5,speech,65,0.28177641653905056,0.1884629165173773,0.22358346094946402,0.15145631067961166,0.13149847094801223,0.0,outputs\phat\checkpoints\ckpt_tone_lora_lambda_01\final,outputs\phat\predictions\pred_tone_lora_lambda_01.csv
phowhisper,base,tone_aware_lora,0.3,42,all,all,all,1500,0.1395166557805356,0.07597808472875993,0.10275001633026325,0.03965570242852751,0.07807133421400264,0.006382978723404255,outputs\phat\checkpoints\ckpt_tone_lora_lambda_03\final,outputs\phat\predictions\pred_tone_lora_lambda_03.csv
phowhisper,base,tone_aware_lora,0.3,42,clean,clean,clean,300,0.08033964728935336,0.035265066748977544,0.05519268451992162,0.014223194748358862,0.0416116248348745,0.005319148936170213,outputs\phat\checkpoints\ckpt_tone_lora_lambda_03\final,outputs\phat\predictions\pred_tone_lora_lambda_03.csv
phowhisper,base,tone_aware_lora,0.3,42,noisy,noisy_all,all,1200,0.15431090790333116,0.08615633922370554,0.11464032007838654,0.04644595910418695,0.08718626155878467,0.006648936170212766,outputs\phat\checkpoints\ckpt_tone_lora_lambda_03\final,outputs\phat\predictions\pred_tone_lora_lambda_03.csv
phowhisper,base,tone_aware_lora,0.3,42,noisy,20,all,300,0.08981058131939909,0.04159271548730612,0.06792945787067277,0.01916697382970881,0.04689564068692206,0.005319148936170213,outputs\phat\checkpoints\ckpt_tone_lora_lambda_03\final,outputs\phat\predictions\pred_tone_lora_lambda_03.csv
phowhisper,base,tone_aware_lora,0.3,42,noisy,10,all,300,0.10418027433050293,0.05193301952311135,0.07152188112344873,0.02265131823245451,0.053500660501981503,0.005319148936170213,outputs\phat\checkpoints\ckpt_tone_lora_lambda_03\final,outputs\phat\predictions\pred_tone_lora_lambda_03.csv
phowhisper,base,tone_aware_lora,0.3,42,noisy,5,all,300,0.1541476159372959,0.08650358823983333,0.10450685826257348,0.044186046511627906,0.09114927344782034,0.008865248226950355,outputs\phat\checkpoints\ckpt_tone_lora_lambda_03\final,outputs\phat\predictions\pred_tone_lora_lambda_03.csv
phowhisper,base,tone_aware_lora,0.3,42,noisy,0,all,300,0.2691051600261267,0.16459603364457134,0.2146357399542633,0.10945709281961472,0.1571994715984148,0.0070921985815602835,outputs\phat\checkpoints\ckpt_tone_lora_lambda_03\final,outputs\phat\predictions\pred_tone_lora_lambda_03.csv
phowhisper,base,tone_aware_lora,0.3,42,noisy,all,music,394,0.1274629044028217,0.06270721390190923,0.08369829683698297,0.02145308924485126,0.0769980506822612,0.009345794392523364,outputs\phat\checkpoints\ckpt_tone_lora_lambda_03\final,outputs\phat\predictions\pred_tone_lora_lambda_03.csv
phowhisper,base,tone_aware_lora,0.3,42,noisy,all,noise,556,0.1117171006333568,0.055774905448651345,0.07916959887403237,0.02046245140167792,0.06822198656769177,0.003838771593090211,outputs\phat\checkpoints\ckpt_tone_lora_lambda_03\final,outputs\phat\predictions\pred_tone_lora_lambda_03.csv
phowhisper,base,tone_aware_lora,0.3,42,noisy,all,speech,250,0.29800244598450876,0.19715980935706642,0.24867509172441907,0.160042395336513,0.15063829787234043,0.008602150537634409,outputs\phat\checkpoints\ckpt_tone_lora_lambda_03\final,outputs\phat\predictions\pred_tone_lora_lambda_03.csv
phowhisper,base,tone_aware_lora,0.3,42,noisy,0,music,93,0.22129436325678498,0.115127506808616,0.15047021943573669,0.036931818181818184,0.15011037527593818,0.010752688172043012,outputs\phat\checkpoints\ckpt_tone_lora_lambda_03\final,outputs\phat\predictions\pred_tone_lora_lambda_03.csv
phowhisper,base,tone_aware_lora,0.3,42,noisy,0,noise,145,0.14597093791281374,0.07755545214828602,0.0964332892998679,0.03152088258471237,0.09242618741976893,0.0,outputs\phat\checkpoints\ckpt_tone_lora_lambda_03\final,outputs\phat\predictions\pred_tone_lora_lambda_03.csv
phowhisper,base,tone_aware_lora,0.3,42,noisy,0,speech,62,0.6627118644067796,0.4723008491710473,0.6220338983050847,0.5916398713826366,0.3475177304964539,0.01639344262295082,outputs\phat\checkpoints\ckpt_tone_lora_lambda_03\final,outputs\phat\predictions\pred_tone_lora_lambda_03.csv
phowhisper,base,tone_aware_lora,0.3,42,noisy,10,music,97,0.09371980676328502,0.04510599909788002,0.06183574879227053,0.016375545851528384,0.04789272030651341,0.0,outputs\phat\checkpoints\ckpt_tone_lora_lambda_03\final,outputs\phat\predictions\pred_tone_lora_lambda_03.csv
phowhisper,base,tone_aware_lora,0.3,42,noisy,10,noise,139,0.10518834399431415,0.0477792732166891,0.06538734896943853,0.013900245298446443,0.058992805755395686,0.011152416356877323,outputs\phat\checkpoints\ckpt_tone_lora_lambda_03\final,outputs\phat\predictions\pred_tone_lora_lambda_03.csv
phowhisper,base,tone_aware_lora,0.3,42,noisy,10,speech,64,0.11935483870967742,0.07322743122820612,0.10161290322580645,0.052346570397111915,0.050505050505050504,0.0,outputs\phat\checkpoints\ckpt_tone_lora_lambda_03\final,outputs\phat\predictions\pred_tone_lora_lambda_03.csv
phowhisper,base,tone_aware_lora,0.3,42,noisy,20,music,96,0.07079646017699115,0.03219871205151794,0.049164208456243856,0.013918629550321198,0.025096525096525095,0.01098901098901099,outputs\phat\checkpoints\ckpt_tone_lora_lambda_03\final,outputs\phat\predictions\pred_tone_lora_lambda_03.csv
phowhisper,base,tone_aware_lora,0.3,42,noisy,20,noise,145,0.08247422680412371,0.03919028340080972,0.08109965635738832,0.016548463356973995,0.05089408528198074,0.0,outputs\phat\checkpoints\ckpt_tone_lora_lambda_03\final,outputs\phat\predictions\pred_tone_lora_lambda_03.csv
phowhisper,base,tone_aware_lora,0.3,42,noisy,20,speech,59,0.14067796610169492,0.06444991789819376,0.06779661016949153,0.03529411764705882,0.07806691449814127,0.008547008547008548,outputs\phat\checkpoints\ckpt_tone_lora_lambda_03\final,outputs\phat\predictions\pred_tone_lora_lambda_03.csv
phowhisper,base,tone_aware_lora,0.3,42,noisy,5,music,108,0.1298819255222525,0.06248662529424353,0.07811080835603997,0.022292993630573247,0.09302325581395349,0.014563106796116505,outputs\phat\checkpoints\ckpt_tone_lora_lambda_03\final,outputs\phat\predictions\pred_tone_lora_lambda_03.csv
phowhisper,base,tone_aware_lora,0.3,42,noisy,5,noise,127,0.11162079510703364,0.057506824385805275,0.07186544342507645,0.019538188277087035,0.06847133757961783,0.003968253968253968,outputs\phat\checkpoints\ckpt_tone_lora_lambda_03\final,outputs\phat\predictions\pred_tone_lora_lambda_03.csv
phowhisper,base,tone_aware_lora,0.3,42,noisy,5,speech,65,0.28024502297090353,0.18380508778215693,0.21439509954058192,0.138671875,0.13149847094801223,0.009433962264150943,outputs\phat\checkpoints\ckpt_tone_lora_lambda_03\final,outputs\phat\predictions\pred_tone_lora_lambda_03.csv
phowhisper,base,tone_aware_lora,0.5,42,all,all,all,1500,0.15480078380143697,0.08803148391079559,0.11874591770084912,0.0495460237946149,0.08560105680317041,0.006028368794326241,outputs\phat\checkpoints\ckpt_tone_lora_lambda_05\final,outputs\phat\predictions\pred_tone_lora_lambda_05.csv
phowhisper,base,tone_aware_lora,0.5,42,clean,clean,clean,300,0.08785107772697583,0.03873755691025542,0.06466361854996734,0.01593182660244535,0.04689564068692206,0.005319148936170213,outputs\phat\checkpoints\ckpt_tone_lora_lambda_05\final,outputs\phat\predictions\pred_tone_lora_lambda_05.csv
phowhisper,base,tone_aware_lora,0.5,42,noisy,noisy_all,all,1200,0.17153821032005226,0.10035496566093063,0.13226649248856956,0.05854917138037114,0.0952774108322325,0.0062056737588652485,outputs\phat\checkpoints\ckpt_tone_lora_lambda_05\final,outputs\phat\predictions\pred_tone_lora_lambda_05.csv
phowhisper,base,tone_aware_lora,0.5,42,noisy,20,all,300,0.0999346832135859,0.0449108727525272,0.07348138471587198,0.019122609673790775,0.05019815059445178,0.005319148936170213,outputs\phat\checkpoints\ckpt_tone_lora_lambda_05\final,outputs\phat\predictions\pred_tone_lora_lambda_05.csv
phowhisper,base,tone_aware_lora,0.5,42,noisy,10,all,300,0.11234487263226649,0.05594567482058801,0.08589157413455258,0.026225769669327253,0.06472919418758256,0.0070921985815602835,outputs\phat\checkpoints\ckpt_tone_lora_lambda_05\final,outputs\phat\predictions\pred_tone_lora_lambda_05.csv
phowhisper,base,tone_aware_lora,0.5,42,noisy,5,all,300,0.17015022860875245,0.09568639555521259,0.12606139777922926,0.051854806541683285,0.0977542932628798,0.005319148936170213,outputs\phat\checkpoints\ckpt_tone_lora_lambda_05\final,outputs\phat\predictions\pred_tone_lora_lambda_05.csv
phowhisper,base,tone_aware_lora,0.5,42,noisy,0,all,300,0.3037230568256042,0.20487691951539472,0.24363161332462444,0.14964788732394366,0.16842800528401586,0.0070921985815602835,outputs\phat\checkpoints\ckpt_tone_lora_lambda_05\final,outputs\phat\predictions\pred_tone_lora_lambda_05.csv
phowhisper,base,tone_aware_lora,0.5,42,noisy,all,music,394,0.13621989783507663,0.06779467245912885,0.09073218195086354,0.023148148148148147,0.0847953216374269,0.006675567423230975,outputs\phat\checkpoints\ckpt_tone_lora_lambda_05\final,outputs\phat\predictions\pred_tone_lora_lambda_05.csv
phowhisper,base,tone_aware_lora,0.5,42,noisy,all,noise,556,0.11980999296270232,0.05955695939487137,0.08884588318085855,0.023333333333333334,0.07635206786850478,0.005758157389635317,outputs\phat\checkpoints\ckpt_tone_lora_lambda_05\final,outputs\phat\predictions\pred_tone_lora_lambda_05.csv
phowhisper,base,tone_aware_lora,0.5,42,noisy,all,speech,250,0.3505911129229515,0.25124015173621245,0.3024867509172442,0.2185612300933553,0.15914893617021278,0.0064516129032258064,outputs\phat\checkpoints\ckpt_tone_lora_lambda_05\final,outputs\phat\predictions\pred_tone_lora_lambda_05.csv
phowhisper,base,tone_aware_lora,0.5,42,noisy,0,music,93,0.2244258872651357,0.12131715771230503,0.14718162839248433,0.03927068723702665,0.15894039735099338,0.005376344086021506,outputs\phat\checkpoints\ckpt_tone_lora_lambda_05\final,outputs\phat\predictions\pred_tone_lora_lambda_05.csv
phowhisper,base,tone_aware_lora,0.5,42,noisy,0,noise,145,0.15059445178335534,0.0815883356599969,0.0904887714663144,0.029272151898734177,0.10141206675224647,0.00390625,outputs\phat\checkpoints\ckpt_tone_lora_lambda_05\final,outputs\phat\predictions\pred_tone_lora_lambda_05.csv
phowhisper,base,tone_aware_lora,0.5,42,noisy,0,speech,62,0.8254237288135593,0.6627577840679337,0.7932203389830509,0.9322033898305084,0.36879432624113473,0.01639344262295082,outputs\phat\checkpoints\ckpt_tone_lora_lambda_05\final,outputs\phat\predictions\pred_tone_lora_lambda_05.csv
phowhisper,base,tone_aware_lora,0.5,42,noisy,10,music,97,0.09951690821256039,0.04668470906630582,0.057971014492753624,0.015350877192982455,0.05363984674329502,0.0,outputs\phat\checkpoints\ckpt_tone_lora_lambda_05\final,outputs\phat\predictions\pred_tone_lora_lambda_05.csv
phowhisper,base,tone_aware_lora,0.5,42,noisy,10,noise,139,0.11442786069651742,0.05215343203230148,0.08813077469793888,0.020253164556962026,0.07050359712230216,0.01486988847583643,outputs\phat\checkpoints\ckpt_tone_lora_lambda_05\final,outputs\phat\predictions\pred_tone_lora_lambda_05.csv
phowhisper,base,tone_aware_lora,0.5,42,noisy,10,speech,64,0.12903225806451613,0.08058891902363426,0.12741935483870967,0.05805243445692884,0.0707070707070707,0.0,outputs\phat\checkpoints\ckpt_tone_lora_lambda_05\final,outputs\phat\predictions\pred_tone_lora_lambda_05.csv
phowhisper,base,tone_aware_lora,0.5,42,noisy,20,music,96,0.0855457227138643,0.03840846366145354,0.06489675516224189,0.01545253863134658,0.032818532818532815,0.01098901098901099,outputs\phat\checkpoints\ckpt_tone_lora_lambda_05\final,outputs\phat\predictions\pred_tone_lora_lambda_05.csv
phowhisper,base,tone_aware_lora,0.5,42,noisy,20,noise,145,0.0879725085910653,0.04048582995951417,0.0831615120274914,0.018210609659540775,0.052269601100412656,0.0,outputs\phat\checkpoints\ckpt_tone_lora_lambda_05\final,outputs\phat\predictions\pred_tone_lora_lambda_05.csv
phowhisper,base,tone_aware_lora,0.5,42,noisy,20,speech,59,0.15423728813559323,0.06773399014778325,0.06440677966101695,0.028112449799196786,0.07806691449814127,0.008547008547008548,outputs\phat\checkpoints\ckpt_tone_lora_lambda_05\final,outputs\phat\predictions\pred_tone_lora_lambda_05.csv
phowhisper,base,tone_aware_lora,0.5,42,noisy,5,music,108,0.1407811080835604,0.06890648405735074,0.09627611262488647,0.025945945945945945,0.10196779964221825,0.009708737864077669,outputs\phat\checkpoints\ckpt_tone_lora_lambda_05\final,outputs\phat\predictions\pred_tone_lora_lambda_05.csv
phowhisper,base,tone_aware_lora,0.5,42,noisy,5,noise,127,0.12538226299694188,0.06314831665150136,0.09403669724770643,0.025735294117647058,0.07961783439490445,0.003968253968253968,outputs\phat\checkpoints\ckpt_tone_lora_lambda_05\final,outputs\phat\predictions\pred_tone_lora_lambda_05.csv
phowhisper,base,tone_aware_lora,0.5,42,noisy,5,speech,65,0.3093415007656968,0.20458616983160158,0.24042879019908117,0.15789473684210525,0.12538226299694188,0.0,outputs\phat\checkpoints\ckpt_tone_lora_lambda_05\final,outputs\phat\predictions\pred_tone_lora_lambda_05.csv
